DELETE FROM trxbayar;

    DELETE FROM masterbayar;

    DELETE FROM detailbayar;

    DELETE FROM user;

    DELETE FROM mahasiswa;

    DELETE FROM tahunakademik;

    DELETE FROM detailbayarkhusus;

    DELETE FROM detailbayarumum;

    DELETE FROM bayarkhusus;

    DELETE FROM bayarumum;

    DELETE FROM jenisbayar;
INSERT INTO jenisbayar VALUES("19","Her Registrasi","Umum");
INSERT INTO jenisbayar VALUES("20","Fix Cost (1-12 SKS)","Umum");
INSERT INTO jenisbayar VALUES("21","Variable Cost (Per SKS)","Umum");
INSERT INTO jenisbayar VALUES("22","Praktikum","Umum");
INSERT INTO jenisbayar VALUES("23","Pembinaan Mahasiswa","Umum");
INSERT INTO jenisbayar VALUES("24","Biaya Internet","Umum");
INSERT INTO jenisbayar VALUES("25","BPP","Khusus");
INSERT INTO jenisbayar VALUES("26","Biaya P2K","Khusus");
INSERT INTO jenisbayar VALUES("27","Biaya Matrikulasi","Khusus");
INSERT INTO jenisbayar VALUES("28","Jas Almamater","Khusus");
INSERT INTO jenisbayar VALUES("29","Ujian Proposal","Khusus");
INSERT INTO jenisbayar VALUES("30","Ujian Kerja Praktek","Khusus");
INSERT INTO jenisbayar VALUES("31","Ujian Hasil Tugas Akhir","Khusus");
INSERT INTO jenisbayar VALUES("32","Biaya Yudisium","Khusus");
INSERT INTO jenisbayar VALUES("33","Biaya Wisuda","Khusus");
INSERT INTO jenisbayar VALUES("34","Biaya UAS","Khusus");
INSERT INTO jenisbayar VALUES("36","SPP","Umum");



INSERT INTO bayarumum VALUES("192","2013","600000","19");
INSERT INTO bayarumum VALUES("193","2013","720000","20");
INSERT INTO bayarumum VALUES("194","2013","60000","21");
INSERT INTO bayarumum VALUES("195","2013","200000","22");
INSERT INTO bayarumum VALUES("196","2013","75000","23");
INSERT INTO bayarumum VALUES("197","2013","150000","24");
INSERT INTO bayarumum VALUES("198","2014","650000","19");
INSERT INTO bayarumum VALUES("199","2014","840000","20");
INSERT INTO bayarumum VALUES("200","2014","70000","21");
INSERT INTO bayarumum VALUES("201","2014","250000","22");
INSERT INTO bayarumum VALUES("202","2014","75000","23");
INSERT INTO bayarumum VALUES("203","2014","150000","24");
INSERT INTO bayarumum VALUES("204","2015","715000","19");
INSERT INTO bayarumum VALUES("205","2015","1020000","20");
INSERT INTO bayarumum VALUES("206","2015","85000","21");
INSERT INTO bayarumum VALUES("207","2015","280000","22");
INSERT INTO bayarumum VALUES("208","2015","82500","23");
INSERT INTO bayarumum VALUES("209","2015","165000","24");
INSERT INTO bayarumum VALUES("210","2016","800000","19");
INSERT INTO bayarumum VALUES("211","2016","1200000","20");
INSERT INTO bayarumum VALUES("212","2016","100000","21");
INSERT INTO bayarumum VALUES("213","2016","350000","22");
INSERT INTO bayarumum VALUES("214","2016","100000","23");
INSERT INTO bayarumum VALUES("215","2016","200000","24");
INSERT INTO bayarumum VALUES("216","2017","800000","19");
INSERT INTO bayarumum VALUES("217","2017","1200000","20");
INSERT INTO bayarumum VALUES("218","2017","100000","21");
INSERT INTO bayarumum VALUES("219","2017","350000","22");
INSERT INTO bayarumum VALUES("220","2017","100000","23");
INSERT INTO bayarumum VALUES("221","2017","200000","24");
INSERT INTO bayarumum VALUES("222","2018","800000","19");
INSERT INTO bayarumum VALUES("223","2018","1200000","20");
INSERT INTO bayarumum VALUES("224","2018","100000","21");
INSERT INTO bayarumum VALUES("225","2018","350000","22");
INSERT INTO bayarumum VALUES("226","2018","100000","23");
INSERT INTO bayarumum VALUES("227","2018","200000","24");
INSERT INTO bayarumum VALUES("234","2018C","0","19");
INSERT INTO bayarumum VALUES("235","2018C","0","20");
INSERT INTO bayarumum VALUES("236","2018C","0","21");
INSERT INTO bayarumum VALUES("237","2018C","0","22");
INSERT INTO bayarumum VALUES("238","2018C","0","23");
INSERT INTO bayarumum VALUES("239","2018C","200000","24");
INSERT INTO bayarumum VALUES("240","2018C","5200000","36");
INSERT INTO bayarumum VALUES("241","2017C","0","19");
INSERT INTO bayarumum VALUES("242","2017C","0","20");
INSERT INTO bayarumum VALUES("243","2017C","0","21");
INSERT INTO bayarumum VALUES("244","2017C","0","22");
INSERT INTO bayarumum VALUES("245","2017C","0","23");
INSERT INTO bayarumum VALUES("246","2017C","200000","24");
INSERT INTO bayarumum VALUES("247","2017C","5000000","36");
INSERT INTO bayarumum VALUES("248","2015C","0","19");
INSERT INTO bayarumum VALUES("249","2015C","0","20");
INSERT INTO bayarumum VALUES("250","2015C","0","21");
INSERT INTO bayarumum VALUES("251","2015C","0","22");
INSERT INTO bayarumum VALUES("252","2015C","0","23");
INSERT INTO bayarumum VALUES("253","2015C","0","24");
INSERT INTO bayarumum VALUES("254","2015C","0","36");
INSERT INTO bayarumum VALUES("255","2016C","0","19");
INSERT INTO bayarumum VALUES("256","2016C","0","20");
INSERT INTO bayarumum VALUES("257","2016C","0","21");
INSERT INTO bayarumum VALUES("258","2016C","0","22");
INSERT INTO bayarumum VALUES("259","2016C","0","23");
INSERT INTO bayarumum VALUES("260","2016C","200000","24");
INSERT INTO bayarumum VALUES("261","2016C","5000000","36");



INSERT INTO bayarkhusus VALUES("113","2018/2019-2","0","25");
INSERT INTO bayarkhusus VALUES("114","2018/2019-2","0","26");
INSERT INTO bayarkhusus VALUES("115","2018/2019-2","0","27");
INSERT INTO bayarkhusus VALUES("116","2018/2019-2","0","28");
INSERT INTO bayarkhusus VALUES("117","2018/2019-2","0","29");
INSERT INTO bayarkhusus VALUES("118","2018/2019-2","0","30");
INSERT INTO bayarkhusus VALUES("119","2018/2019-2","0","31");
INSERT INTO bayarkhusus VALUES("120","2018/2019-2","0","32");
INSERT INTO bayarkhusus VALUES("121","2018/2019-2","0","33");
INSERT INTO bayarkhusus VALUES("122","2018/2019-2","215000","34");
INSERT INTO bayarkhusus VALUES("124","2018/2019-1","0","25");
INSERT INTO bayarkhusus VALUES("125","2018/2019-1","0","26");
INSERT INTO bayarkhusus VALUES("126","2018/2019-1","0","27");
INSERT INTO bayarkhusus VALUES("127","2018/2019-1","0","28");
INSERT INTO bayarkhusus VALUES("128","2018/2019-1","0","29");
INSERT INTO bayarkhusus VALUES("129","2018/2019-1","0","30");
INSERT INTO bayarkhusus VALUES("130","2018/2019-1","0","31");
INSERT INTO bayarkhusus VALUES("131","2018/2019-1","0","32");
INSERT INTO bayarkhusus VALUES("132","2018/2019-1","0","33");
INSERT INTO bayarkhusus VALUES("133","2018/2019-1","0","34");



INSERT INTO detailbayarumum VALUES("34","29","800000","2018/2019-2","222");
INSERT INTO detailbayarumum VALUES("35","29","1200000","2018/2019-2","223");
INSERT INTO detailbayarumum VALUES("36","29","100000","2018/2019-2","224");
INSERT INTO detailbayarumum VALUES("37","29","350000","2018/2019-2","225");
INSERT INTO detailbayarumum VALUES("38","29","100000","2018/2019-2","226");
INSERT INTO detailbayarumum VALUES("39","29","200000","2018/2019-2","227");
INSERT INTO detailbayarumum VALUES("40","18","600000","2018/2019-2","192");
INSERT INTO detailbayarumum VALUES("41","18","720000","2018/2019-2","193");
INSERT INTO detailbayarumum VALUES("42","18","60000","2018/2019-2","194");
INSERT INTO detailbayarumum VALUES("43","18","200000","2018/2019-2","195");
INSERT INTO detailbayarumum VALUES("44","18","75000","2018/2019-2","196");
INSERT INTO detailbayarumum VALUES("45","18","150000","2018/2019-2","197");
INSERT INTO detailbayarumum VALUES("46","19","600000","2018/2019-2","192");
INSERT INTO detailbayarumum VALUES("47","19","720000","2018/2019-2","193");
INSERT INTO detailbayarumum VALUES("48","19","60000","2018/2019-2","194");
INSERT INTO detailbayarumum VALUES("49","19","200000","2018/2019-2","195");
INSERT INTO detailbayarumum VALUES("50","19","75000","2018/2019-2","196");
INSERT INTO detailbayarumum VALUES("51","19","150000","2018/2019-2","197");
INSERT INTO detailbayarumum VALUES("52","20","600000","2018/2019-2","192");
INSERT INTO detailbayarumum VALUES("53","20","720000","2018/2019-2","193");
INSERT INTO detailbayarumum VALUES("54","20","60000","2018/2019-2","194");
INSERT INTO detailbayarumum VALUES("55","20","200000","2018/2019-2","195");
INSERT INTO detailbayarumum VALUES("56","20","75000","2018/2019-2","196");
INSERT INTO detailbayarumum VALUES("57","20","150000","2018/2019-2","197");
INSERT INTO detailbayarumum VALUES("58","21","600000","2018/2019-2","192");
INSERT INTO detailbayarumum VALUES("59","21","720000","2018/2019-2","193");
INSERT INTO detailbayarumum VALUES("60","21","60000","2018/2019-2","194");
INSERT INTO detailbayarumum VALUES("61","21","200000","2018/2019-2","195");
INSERT INTO detailbayarumum VALUES("62","21","75000","2018/2019-2","196");
INSERT INTO detailbayarumum VALUES("63","21","150000","2018/2019-2","197");
INSERT INTO detailbayarumum VALUES("64","22","600000","2018/2019-2","192");
INSERT INTO detailbayarumum VALUES("65","22","720000","2018/2019-2","193");
INSERT INTO detailbayarumum VALUES("66","22","60000","2018/2019-2","194");
INSERT INTO detailbayarumum VALUES("67","22","200000","2018/2019-2","195");
INSERT INTO detailbayarumum VALUES("68","22","75000","2018/2019-2","196");
INSERT INTO detailbayarumum VALUES("69","22","150000","2018/2019-2","197");
INSERT INTO detailbayarumum VALUES("70","23","600000","2018/2019-2","192");
INSERT INTO detailbayarumum VALUES("71","23","720000","2018/2019-2","193");
INSERT INTO detailbayarumum VALUES("72","23","60000","2018/2019-2","194");
INSERT INTO detailbayarumum VALUES("73","23","200000","2018/2019-2","195");
INSERT INTO detailbayarumum VALUES("74","23","75000","2018/2019-2","196");
INSERT INTO detailbayarumum VALUES("75","23","150000","2018/2019-2","197");
INSERT INTO detailbayarumum VALUES("76","25","600000","2018/2019-2","192");
INSERT INTO detailbayarumum VALUES("77","25","720000","2018/2019-2","193");
INSERT INTO detailbayarumum VALUES("78","25","60000","2018/2019-2","194");
INSERT INTO detailbayarumum VALUES("79","25","200000","2018/2019-2","195");
INSERT INTO detailbayarumum VALUES("80","25","75000","2018/2019-2","196");
INSERT INTO detailbayarumum VALUES("81","25","150000","2018/2019-2","197");
INSERT INTO detailbayarumum VALUES("82","55","600000","2018/2019-2","192");
INSERT INTO detailbayarumum VALUES("83","55","720000","2018/2019-2","193");
INSERT INTO detailbayarumum VALUES("84","55","60000","2018/2019-2","194");
INSERT INTO detailbayarumum VALUES("85","55","200000","2018/2019-2","195");
INSERT INTO detailbayarumum VALUES("86","55","75000","2018/2019-2","196");
INSERT INTO detailbayarumum VALUES("87","55","150000","2018/2019-2","197");
INSERT INTO detailbayarumum VALUES("88","56","600000","2018/2019-2","192");
INSERT INTO detailbayarumum VALUES("89","56","720000","2018/2019-2","193");
INSERT INTO detailbayarumum VALUES("90","56","60000","2018/2019-2","194");
INSERT INTO detailbayarumum VALUES("91","56","200000","2018/2019-2","195");
INSERT INTO detailbayarumum VALUES("92","56","75000","2018/2019-2","196");
INSERT INTO detailbayarumum VALUES("93","56","150000","2018/2019-2","197");
INSERT INTO detailbayarumum VALUES("94","60","600000","2018/2019-2","192");
INSERT INTO detailbayarumum VALUES("95","60","720000","2018/2019-2","193");
INSERT INTO detailbayarumum VALUES("96","60","60000","2018/2019-2","194");
INSERT INTO detailbayarumum VALUES("97","60","200000","2018/2019-2","195");
INSERT INTO detailbayarumum VALUES("98","60","75000","2018/2019-2","196");
INSERT INTO detailbayarumum VALUES("99","60","150000","2018/2019-2","197");
INSERT INTO detailbayarumum VALUES("100","299","650000","2018/2019-2","198");
INSERT INTO detailbayarumum VALUES("101","299","840000","2018/2019-2","199");
INSERT INTO detailbayarumum VALUES("102","299","70000","2018/2019-2","200");
INSERT INTO detailbayarumum VALUES("103","299","250000","2018/2019-2","201");
INSERT INTO detailbayarumum VALUES("104","299","75000","2018/2019-2","202");
INSERT INTO detailbayarumum VALUES("105","299","150000","2018/2019-2","203");
INSERT INTO detailbayarumum VALUES("106","300","650000","2018/2019-2","198");
INSERT INTO detailbayarumum VALUES("107","300","840000","2018/2019-2","199");
INSERT INTO detailbayarumum VALUES("108","300","70000","2018/2019-2","200");
INSERT INTO detailbayarumum VALUES("109","300","250000","2018/2019-2","201");
INSERT INTO detailbayarumum VALUES("110","300","75000","2018/2019-2","202");
INSERT INTO detailbayarumum VALUES("111","300","150000","2018/2019-2","203");
INSERT INTO detailbayarumum VALUES("112","301","650000","2018/2019-2","198");
INSERT INTO detailbayarumum VALUES("113","301","840000","2018/2019-2","199");
INSERT INTO detailbayarumum VALUES("114","301","70000","2018/2019-2","200");
INSERT INTO detailbayarumum VALUES("115","301","250000","2018/2019-2","201");
INSERT INTO detailbayarumum VALUES("116","301","75000","2018/2019-2","202");
INSERT INTO detailbayarumum VALUES("117","301","150000","2018/2019-2","203");
INSERT INTO detailbayarumum VALUES("118","302","650000","2018/2019-2","198");
INSERT INTO detailbayarumum VALUES("119","302","840000","2018/2019-2","199");
INSERT INTO detailbayarumum VALUES("120","302","70000","2018/2019-2","200");
INSERT INTO detailbayarumum VALUES("121","302","250000","2018/2019-2","201");
INSERT INTO detailbayarumum VALUES("122","302","75000","2018/2019-2","202");
INSERT INTO detailbayarumum VALUES("123","302","150000","2018/2019-2","203");
INSERT INTO detailbayarumum VALUES("124","306","650000","2018/2019-2","198");
INSERT INTO detailbayarumum VALUES("125","306","840000","2018/2019-2","199");
INSERT INTO detailbayarumum VALUES("126","306","70000","2018/2019-2","200");
INSERT INTO detailbayarumum VALUES("127","306","250000","2018/2019-2","201");
INSERT INTO detailbayarumum VALUES("128","306","75000","2018/2019-2","202");
INSERT INTO detailbayarumum VALUES("129","306","150000","2018/2019-2","203");
INSERT INTO detailbayarumum VALUES("130","307","650000","2018/2019-2","198");
INSERT INTO detailbayarumum VALUES("131","307","840000","2018/2019-2","199");
INSERT INTO detailbayarumum VALUES("132","307","70000","2018/2019-2","200");
INSERT INTO detailbayarumum VALUES("133","307","250000","2018/2019-2","201");
INSERT INTO detailbayarumum VALUES("134","307","75000","2018/2019-2","202");
INSERT INTO detailbayarumum VALUES("135","307","150000","2018/2019-2","203");
INSERT INTO detailbayarumum VALUES("136","308","650000","2018/2019-2","198");
INSERT INTO detailbayarumum VALUES("137","308","840000","2018/2019-2","199");
INSERT INTO detailbayarumum VALUES("138","308","70000","2018/2019-2","200");
INSERT INTO detailbayarumum VALUES("139","308","250000","2018/2019-2","201");
INSERT INTO detailbayarumum VALUES("140","308","75000","2018/2019-2","202");
INSERT INTO detailbayarumum VALUES("141","308","150000","2018/2019-2","203");
INSERT INTO detailbayarumum VALUES("142","310","650000","2018/2019-2","198");
INSERT INTO detailbayarumum VALUES("143","310","840000","2018/2019-2","199");
INSERT INTO detailbayarumum VALUES("144","310","70000","2018/2019-2","200");
INSERT INTO detailbayarumum VALUES("145","310","250000","2018/2019-2","201");
INSERT INTO detailbayarumum VALUES("146","310","75000","2018/2019-2","202");
INSERT INTO detailbayarumum VALUES("147","310","150000","2018/2019-2","203");
INSERT INTO detailbayarumum VALUES("148","311","650000","2018/2019-2","198");
INSERT INTO detailbayarumum VALUES("149","311","840000","2018/2019-2","199");
INSERT INTO detailbayarumum VALUES("150","311","70000","2018/2019-2","200");
INSERT INTO detailbayarumum VALUES("151","311","250000","2018/2019-2","201");
INSERT INTO detailbayarumum VALUES("152","311","75000","2018/2019-2","202");
INSERT INTO detailbayarumum VALUES("153","311","150000","2018/2019-2","203");
INSERT INTO detailbayarumum VALUES("154","312","650000","2018/2019-2","198");
INSERT INTO detailbayarumum VALUES("155","312","840000","2018/2019-2","199");
INSERT INTO detailbayarumum VALUES("156","312","70000","2018/2019-2","200");
INSERT INTO detailbayarumum VALUES("157","312","250000","2018/2019-2","201");
INSERT INTO detailbayarumum VALUES("158","312","75000","2018/2019-2","202");
INSERT INTO detailbayarumum VALUES("159","312","150000","2018/2019-2","203");
INSERT INTO detailbayarumum VALUES("160","229","715000","2018/2019-2","204");
INSERT INTO detailbayarumum VALUES("161","229","1020000","2018/2019-2","205");
INSERT INTO detailbayarumum VALUES("162","229","85000","2018/2019-2","206");
INSERT INTO detailbayarumum VALUES("163","229","280000","2018/2019-2","207");
INSERT INTO detailbayarumum VALUES("164","229","82500","2018/2019-2","208");
INSERT INTO detailbayarumum VALUES("165","229","165000","2018/2019-2","209");
INSERT INTO detailbayarumum VALUES("166","239","715000","2018/2019-2","204");
INSERT INTO detailbayarumum VALUES("167","239","1020000","2018/2019-2","205");
INSERT INTO detailbayarumum VALUES("168","239","85000","2018/2019-2","206");
INSERT INTO detailbayarumum VALUES("169","239","280000","2018/2019-2","207");
INSERT INTO detailbayarumum VALUES("170","239","82500","2018/2019-2","208");
INSERT INTO detailbayarumum VALUES("171","239","165000","2018/2019-2","209");
INSERT INTO detailbayarumum VALUES("172","241","715000","2018/2019-2","204");
INSERT INTO detailbayarumum VALUES("173","241","1020000","2018/2019-2","205");
INSERT INTO detailbayarumum VALUES("174","241","85000","2018/2019-2","206");
INSERT INTO detailbayarumum VALUES("175","241","280000","2018/2019-2","207");
INSERT INTO detailbayarumum VALUES("176","241","82500","2018/2019-2","208");
INSERT INTO detailbayarumum VALUES("177","241","165000","2018/2019-2","209");
INSERT INTO detailbayarumum VALUES("178","242","715000","2018/2019-2","204");
INSERT INTO detailbayarumum VALUES("179","242","1020000","2018/2019-2","205");
INSERT INTO detailbayarumum VALUES("180","242","85000","2018/2019-2","206");
INSERT INTO detailbayarumum VALUES("181","242","280000","2018/2019-2","207");
INSERT INTO detailbayarumum VALUES("182","242","82500","2018/2019-2","208");
INSERT INTO detailbayarumum VALUES("183","242","165000","2018/2019-2","209");
INSERT INTO detailbayarumum VALUES("184","243","715000","2018/2019-2","204");
INSERT INTO detailbayarumum VALUES("185","243","1020000","2018/2019-2","205");
INSERT INTO detailbayarumum VALUES("186","243","85000","2018/2019-2","206");
INSERT INTO detailbayarumum VALUES("187","243","280000","2018/2019-2","207");
INSERT INTO detailbayarumum VALUES("188","243","82500","2018/2019-2","208");
INSERT INTO detailbayarumum VALUES("189","243","165000","2018/2019-2","209");
INSERT INTO detailbayarumum VALUES("190","244","715000","2018/2019-2","204");
INSERT INTO detailbayarumum VALUES("191","244","1020000","2018/2019-2","205");
INSERT INTO detailbayarumum VALUES("192","244","85000","2018/2019-2","206");
INSERT INTO detailbayarumum VALUES("193","244","280000","2018/2019-2","207");
INSERT INTO detailbayarumum VALUES("194","244","82500","2018/2019-2","208");
INSERT INTO detailbayarumum VALUES("195","244","165000","2018/2019-2","209");
INSERT INTO detailbayarumum VALUES("196","245","715000","2018/2019-2","204");
INSERT INTO detailbayarumum VALUES("197","245","1020000","2018/2019-2","205");
INSERT INTO detailbayarumum VALUES("198","245","85000","2018/2019-2","206");
INSERT INTO detailbayarumum VALUES("199","245","280000","2018/2019-2","207");
INSERT INTO detailbayarumum VALUES("200","245","82500","2018/2019-2","208");
INSERT INTO detailbayarumum VALUES("201","245","165000","2018/2019-2","209");
INSERT INTO detailbayarumum VALUES("202","268","715000","2018/2019-2","204");
INSERT INTO detailbayarumum VALUES("203","268","1020000","2018/2019-2","205");
INSERT INTO detailbayarumum VALUES("204","268","85000","2018/2019-2","206");
INSERT INTO detailbayarumum VALUES("205","268","280000","2018/2019-2","207");
INSERT INTO detailbayarumum VALUES("206","268","82500","2018/2019-2","208");
INSERT INTO detailbayarumum VALUES("207","268","165000","2018/2019-2","209");
INSERT INTO detailbayarumum VALUES("208","248","715000","2018/2019-2","204");
INSERT INTO detailbayarumum VALUES("209","248","1020000","2018/2019-2","205");
INSERT INTO detailbayarumum VALUES("210","248","85000","2018/2019-2","206");
INSERT INTO detailbayarumum VALUES("211","248","280000","2018/2019-2","207");
INSERT INTO detailbayarumum VALUES("212","248","82500","2018/2019-2","208");
INSERT INTO detailbayarumum VALUES("213","248","165000","2018/2019-2","209");
INSERT INTO detailbayarumum VALUES("214","257","715000","2018/2019-2","204");
INSERT INTO detailbayarumum VALUES("215","257","1020000","2018/2019-2","205");
INSERT INTO detailbayarumum VALUES("216","257","85000","2018/2019-2","206");
INSERT INTO detailbayarumum VALUES("217","257","280000","2018/2019-2","207");
INSERT INTO detailbayarumum VALUES("218","257","82500","2018/2019-2","208");
INSERT INTO detailbayarumum VALUES("219","257","165000","2018/2019-2","209");
INSERT INTO detailbayarumum VALUES("220","313","650000","2018/2019-2","198");
INSERT INTO detailbayarumum VALUES("221","313","840000","2018/2019-2","199");
INSERT INTO detailbayarumum VALUES("222","313","70000","2018/2019-2","200");
INSERT INTO detailbayarumum VALUES("223","313","250000","2018/2019-2","201");
INSERT INTO detailbayarumum VALUES("224","313","75000","2018/2019-2","202");
INSERT INTO detailbayarumum VALUES("225","313","150000","2018/2019-2","203");
INSERT INTO detailbayarumum VALUES("226","260","715000","2018/2019-2","204");
INSERT INTO detailbayarumum VALUES("227","260","1020000","2018/2019-2","205");
INSERT INTO detailbayarumum VALUES("228","260","85000","2018/2019-2","206");
INSERT INTO detailbayarumum VALUES("229","260","280000","2018/2019-2","207");
INSERT INTO detailbayarumum VALUES("230","260","82500","2018/2019-2","208");
INSERT INTO detailbayarumum VALUES("231","260","165000","2018/2019-2","209");
INSERT INTO detailbayarumum VALUES("232","261","715000","2018/2019-2","204");
INSERT INTO detailbayarumum VALUES("233","261","1020000","2018/2019-2","205");
INSERT INTO detailbayarumum VALUES("234","261","85000","2018/2019-2","206");
INSERT INTO detailbayarumum VALUES("235","261","280000","2018/2019-2","207");
INSERT INTO detailbayarumum VALUES("236","261","82500","2018/2019-2","208");
INSERT INTO detailbayarumum VALUES("237","261","165000","2018/2019-2","209");
INSERT INTO detailbayarumum VALUES("238","262","715000","2018/2019-2","204");
INSERT INTO detailbayarumum VALUES("239","262","1020000","2018/2019-2","205");
INSERT INTO detailbayarumum VALUES("240","262","85000","2018/2019-2","206");
INSERT INTO detailbayarumum VALUES("241","262","280000","2018/2019-2","207");
INSERT INTO detailbayarumum VALUES("242","262","82500","2018/2019-2","208");
INSERT INTO detailbayarumum VALUES("243","262","165000","2018/2019-2","209");
INSERT INTO detailbayarumum VALUES("244","263","715000","2018/2019-2","204");
INSERT INTO detailbayarumum VALUES("245","263","1020000","2018/2019-2","205");
INSERT INTO detailbayarumum VALUES("246","263","85000","2018/2019-2","206");
INSERT INTO detailbayarumum VALUES("247","263","280000","2018/2019-2","207");
INSERT INTO detailbayarumum VALUES("248","263","82500","2018/2019-2","208");
INSERT INTO detailbayarumum VALUES("249","263","165000","2018/2019-2","209");
INSERT INTO detailbayarumum VALUES("250","264","715000","2018/2019-2","204");
INSERT INTO detailbayarumum VALUES("251","264","1020000","2018/2019-2","205");
INSERT INTO detailbayarumum VALUES("252","264","85000","2018/2019-2","206");
INSERT INTO detailbayarumum VALUES("253","264","280000","2018/2019-2","207");
INSERT INTO detailbayarumum VALUES("254","264","82500","2018/2019-2","208");
INSERT INTO detailbayarumum VALUES("255","264","165000","2018/2019-2","209");
INSERT INTO detailbayarumum VALUES("256","265","715000","2018/2019-2","204");
INSERT INTO detailbayarumum VALUES("257","265","1020000","2018/2019-2","205");
INSERT INTO detailbayarumum VALUES("258","265","85000","2018/2019-2","206");
INSERT INTO detailbayarumum VALUES("259","265","280000","2018/2019-2","207");
INSERT INTO detailbayarumum VALUES("260","265","82500","2018/2019-2","208");
INSERT INTO detailbayarumum VALUES("261","265","165000","2018/2019-2","209");
INSERT INTO detailbayarumum VALUES("262","266","715000","2018/2019-2","204");
INSERT INTO detailbayarumum VALUES("263","266","1020000","2018/2019-2","205");
INSERT INTO detailbayarumum VALUES("264","266","85000","2018/2019-2","206");
INSERT INTO detailbayarumum VALUES("265","266","280000","2018/2019-2","207");
INSERT INTO detailbayarumum VALUES("266","266","82500","2018/2019-2","208");
INSERT INTO detailbayarumum VALUES("267","266","165000","2018/2019-2","209");
INSERT INTO detailbayarumum VALUES("268","269","715000","2018/2019-2","204");
INSERT INTO detailbayarumum VALUES("269","269","1020000","2018/2019-2","205");
INSERT INTO detailbayarumum VALUES("270","269","85000","2018/2019-2","206");
INSERT INTO detailbayarumum VALUES("271","269","280000","2018/2019-2","207");
INSERT INTO detailbayarumum VALUES("272","269","82500","2018/2019-2","208");
INSERT INTO detailbayarumum VALUES("273","269","165000","2018/2019-2","209");
INSERT INTO detailbayarumum VALUES("274","270","715000","2018/2019-2","204");
INSERT INTO detailbayarumum VALUES("275","270","1020000","2018/2019-2","205");
INSERT INTO detailbayarumum VALUES("276","270","85000","2018/2019-2","206");
INSERT INTO detailbayarumum VALUES("277","270","280000","2018/2019-2","207");
INSERT INTO detailbayarumum VALUES("278","270","82500","2018/2019-2","208");
INSERT INTO detailbayarumum VALUES("279","270","165000","2018/2019-2","209");
INSERT INTO detailbayarumum VALUES("280","271","715000","2018/2019-2","204");
INSERT INTO detailbayarumum VALUES("281","271","1020000","2018/2019-2","205");
INSERT INTO detailbayarumum VALUES("282","271","85000","2018/2019-2","206");
INSERT INTO detailbayarumum VALUES("283","271","280000","2018/2019-2","207");
INSERT INTO detailbayarumum VALUES("284","271","82500","2018/2019-2","208");
INSERT INTO detailbayarumum VALUES("285","271","165000","2018/2019-2","209");
INSERT INTO detailbayarumum VALUES("286","272","715000","2018/2019-2","204");
INSERT INTO detailbayarumum VALUES("287","272","1020000","2018/2019-2","205");
INSERT INTO detailbayarumum VALUES("288","272","85000","2018/2019-2","206");
INSERT INTO detailbayarumum VALUES("289","272","280000","2018/2019-2","207");
INSERT INTO detailbayarumum VALUES("290","272","82500","2018/2019-2","208");
INSERT INTO detailbayarumum VALUES("291","272","165000","2018/2019-2","209");
INSERT INTO detailbayarumum VALUES("292","273","715000","2018/2019-2","204");
INSERT INTO detailbayarumum VALUES("293","273","1020000","2018/2019-2","205");
INSERT INTO detailbayarumum VALUES("294","273","85000","2018/2019-2","206");
INSERT INTO detailbayarumum VALUES("295","273","280000","2018/2019-2","207");
INSERT INTO detailbayarumum VALUES("296","273","82500","2018/2019-2","208");
INSERT INTO detailbayarumum VALUES("297","273","165000","2018/2019-2","209");
INSERT INTO detailbayarumum VALUES("298","274","715000","2018/2019-2","204");
INSERT INTO detailbayarumum VALUES("299","274","1020000","2018/2019-2","205");
INSERT INTO detailbayarumum VALUES("300","274","85000","2018/2019-2","206");
INSERT INTO detailbayarumum VALUES("301","274","280000","2018/2019-2","207");
INSERT INTO detailbayarumum VALUES("302","274","82500","2018/2019-2","208");
INSERT INTO detailbayarumum VALUES("303","274","165000","2018/2019-2","209");
INSERT INTO detailbayarumum VALUES("304","277","715000","2018/2019-2","204");
INSERT INTO detailbayarumum VALUES("305","277","1020000","2018/2019-2","205");
INSERT INTO detailbayarumum VALUES("306","277","85000","2018/2019-2","206");
INSERT INTO detailbayarumum VALUES("307","277","280000","2018/2019-2","207");
INSERT INTO detailbayarumum VALUES("308","277","82500","2018/2019-2","208");
INSERT INTO detailbayarumum VALUES("309","277","165000","2018/2019-2","209");
INSERT INTO detailbayarumum VALUES("310","278","715000","2018/2019-2","204");
INSERT INTO detailbayarumum VALUES("311","278","1020000","2018/2019-2","205");
INSERT INTO detailbayarumum VALUES("312","278","85000","2018/2019-2","206");
INSERT INTO detailbayarumum VALUES("313","278","280000","2018/2019-2","207");
INSERT INTO detailbayarumum VALUES("314","278","82500","2018/2019-2","208");
INSERT INTO detailbayarumum VALUES("315","278","165000","2018/2019-2","209");
INSERT INTO detailbayarumum VALUES("316","279","715000","2018/2019-2","204");
INSERT INTO detailbayarumum VALUES("317","279","1020000","2018/2019-2","205");
INSERT INTO detailbayarumum VALUES("318","279","85000","2018/2019-2","206");
INSERT INTO detailbayarumum VALUES("319","279","280000","2018/2019-2","207");
INSERT INTO detailbayarumum VALUES("320","279","82500","2018/2019-2","208");
INSERT INTO detailbayarumum VALUES("321","279","165000","2018/2019-2","209");
INSERT INTO detailbayarumum VALUES("322","280","715000","2018/2019-2","204");
INSERT INTO detailbayarumum VALUES("323","280","1020000","2018/2019-2","205");
INSERT INTO detailbayarumum VALUES("324","280","85000","2018/2019-2","206");
INSERT INTO detailbayarumum VALUES("325","280","280000","2018/2019-2","207");
INSERT INTO detailbayarumum VALUES("326","280","82500","2018/2019-2","208");
INSERT INTO detailbayarumum VALUES("327","280","165000","2018/2019-2","209");
INSERT INTO detailbayarumum VALUES("328","294","715000","2018/2019-2","204");
INSERT INTO detailbayarumum VALUES("329","294","1020000","2018/2019-2","205");
INSERT INTO detailbayarumum VALUES("330","294","85000","2018/2019-2","206");
INSERT INTO detailbayarumum VALUES("331","294","280000","2018/2019-2","207");
INSERT INTO detailbayarumum VALUES("332","294","82500","2018/2019-2","208");
INSERT INTO detailbayarumum VALUES("333","294","165000","2018/2019-2","209");
INSERT INTO detailbayarumum VALUES("334","297","715000","2018/2019-2","204");
INSERT INTO detailbayarumum VALUES("335","297","1020000","2018/2019-2","205");
INSERT INTO detailbayarumum VALUES("336","297","85000","2018/2019-2","206");
INSERT INTO detailbayarumum VALUES("337","297","280000","2018/2019-2","207");
INSERT INTO detailbayarumum VALUES("338","297","82500","2018/2019-2","208");
INSERT INTO detailbayarumum VALUES("339","297","165000","2018/2019-2","209");
INSERT INTO detailbayarumum VALUES("340","298","715000","2018/2019-2","204");
INSERT INTO detailbayarumum VALUES("341","298","1020000","2018/2019-2","205");
INSERT INTO detailbayarumum VALUES("342","298","85000","2018/2019-2","206");
INSERT INTO detailbayarumum VALUES("343","298","280000","2018/2019-2","207");
INSERT INTO detailbayarumum VALUES("344","298","82500","2018/2019-2","208");
INSERT INTO detailbayarumum VALUES("345","298","165000","2018/2019-2","209");
INSERT INTO detailbayarumum VALUES("346","66","800000","2018/2019-2","210");
INSERT INTO detailbayarumum VALUES("347","66","1200000","2018/2019-2","211");
INSERT INTO detailbayarumum VALUES("348","66","100000","2018/2019-2","212");
INSERT INTO detailbayarumum VALUES("349","66","350000","2018/2019-2","213");
INSERT INTO detailbayarumum VALUES("350","66","100000","2018/2019-2","214");
INSERT INTO detailbayarumum VALUES("351","66","200000","2018/2019-2","215");
INSERT INTO detailbayarumum VALUES("352","67","800000","2018/2019-2","210");
INSERT INTO detailbayarumum VALUES("353","67","1200000","2018/2019-2","211");
INSERT INTO detailbayarumum VALUES("354","67","100000","2018/2019-2","212");
INSERT INTO detailbayarumum VALUES("355","67","350000","2018/2019-2","213");
INSERT INTO detailbayarumum VALUES("356","67","100000","2018/2019-2","214");
INSERT INTO detailbayarumum VALUES("357","67","200000","2018/2019-2","215");
INSERT INTO detailbayarumum VALUES("358","68","800000","2018/2019-2","210");
INSERT INTO detailbayarumum VALUES("359","68","1200000","2018/2019-2","211");
INSERT INTO detailbayarumum VALUES("360","68","100000","2018/2019-2","212");
INSERT INTO detailbayarumum VALUES("361","68","350000","2018/2019-2","213");
INSERT INTO detailbayarumum VALUES("362","68","100000","2018/2019-2","214");
INSERT INTO detailbayarumum VALUES("363","68","200000","2018/2019-2","215");
INSERT INTO detailbayarumum VALUES("364","70","800000","2018/2019-2","210");
INSERT INTO detailbayarumum VALUES("365","70","1200000","2018/2019-2","211");
INSERT INTO detailbayarumum VALUES("366","70","100000","2018/2019-2","212");
INSERT INTO detailbayarumum VALUES("367","70","350000","2018/2019-2","213");
INSERT INTO detailbayarumum VALUES("368","70","100000","2018/2019-2","214");
INSERT INTO detailbayarumum VALUES("369","70","200000","2018/2019-2","215");
INSERT INTO detailbayarumum VALUES("370","71","800000","2018/2019-2","210");
INSERT INTO detailbayarumum VALUES("371","71","1200000","2018/2019-2","211");
INSERT INTO detailbayarumum VALUES("372","71","100000","2018/2019-2","212");
INSERT INTO detailbayarumum VALUES("373","71","350000","2018/2019-2","213");
INSERT INTO detailbayarumum VALUES("374","71","100000","2018/2019-2","214");
INSERT INTO detailbayarumum VALUES("375","71","200000","2018/2019-2","215");
INSERT INTO detailbayarumum VALUES("376","73","800000","2018/2019-2","210");
INSERT INTO detailbayarumum VALUES("377","73","1200000","2018/2019-2","211");
INSERT INTO detailbayarumum VALUES("378","73","100000","2018/2019-2","212");
INSERT INTO detailbayarumum VALUES("379","73","350000","2018/2019-2","213");
INSERT INTO detailbayarumum VALUES("380","73","100000","2018/2019-2","214");
INSERT INTO detailbayarumum VALUES("381","73","200000","2018/2019-2","215");
INSERT INTO detailbayarumum VALUES("382","74","800000","2018/2019-2","210");
INSERT INTO detailbayarumum VALUES("383","74","1200000","2018/2019-2","211");
INSERT INTO detailbayarumum VALUES("384","74","100000","2018/2019-2","212");
INSERT INTO detailbayarumum VALUES("385","74","350000","2018/2019-2","213");
INSERT INTO detailbayarumum VALUES("386","74","100000","2018/2019-2","214");
INSERT INTO detailbayarumum VALUES("387","74","200000","2018/2019-2","215");
INSERT INTO detailbayarumum VALUES("388","77","800000","2018/2019-2","210");
INSERT INTO detailbayarumum VALUES("389","77","1200000","2018/2019-2","211");
INSERT INTO detailbayarumum VALUES("390","77","100000","2018/2019-2","212");
INSERT INTO detailbayarumum VALUES("391","77","350000","2018/2019-2","213");
INSERT INTO detailbayarumum VALUES("392","77","100000","2018/2019-2","214");
INSERT INTO detailbayarumum VALUES("393","77","200000","2018/2019-2","215");
INSERT INTO detailbayarumum VALUES("394","80","800000","2018/2019-2","210");
INSERT INTO detailbayarumum VALUES("395","80","1200000","2018/2019-2","211");
INSERT INTO detailbayarumum VALUES("396","80","100000","2018/2019-2","212");
INSERT INTO detailbayarumum VALUES("397","80","350000","2018/2019-2","213");
INSERT INTO detailbayarumum VALUES("398","80","100000","2018/2019-2","214");
INSERT INTO detailbayarumum VALUES("399","80","200000","2018/2019-2","215");
INSERT INTO detailbayarumum VALUES("400","82","800000","2018/2019-2","210");
INSERT INTO detailbayarumum VALUES("401","82","1200000","2018/2019-2","211");
INSERT INTO detailbayarumum VALUES("402","82","100000","2018/2019-2","212");
INSERT INTO detailbayarumum VALUES("403","82","350000","2018/2019-2","213");
INSERT INTO detailbayarumum VALUES("404","82","100000","2018/2019-2","214");
INSERT INTO detailbayarumum VALUES("405","82","200000","2018/2019-2","215");
INSERT INTO detailbayarumum VALUES("406","90","800000","2018/2019-2","210");
INSERT INTO detailbayarumum VALUES("407","90","1200000","2018/2019-2","211");
INSERT INTO detailbayarumum VALUES("408","90","100000","2018/2019-2","212");
INSERT INTO detailbayarumum VALUES("409","90","350000","2018/2019-2","213");
INSERT INTO detailbayarumum VALUES("410","90","100000","2018/2019-2","214");
INSERT INTO detailbayarumum VALUES("411","90","200000","2018/2019-2","215");
INSERT INTO detailbayarumum VALUES("412","92","800000","2018/2019-2","210");
INSERT INTO detailbayarumum VALUES("413","92","1200000","2018/2019-2","211");
INSERT INTO detailbayarumum VALUES("414","92","100000","2018/2019-2","212");
INSERT INTO detailbayarumum VALUES("415","92","350000","2018/2019-2","213");
INSERT INTO detailbayarumum VALUES("416","92","100000","2018/2019-2","214");
INSERT INTO detailbayarumum VALUES("417","92","200000","2018/2019-2","215");
INSERT INTO detailbayarumum VALUES("418","94","800000","2018/2019-2","210");
INSERT INTO detailbayarumum VALUES("419","94","1200000","2018/2019-2","211");
INSERT INTO detailbayarumum VALUES("420","94","100000","2018/2019-2","212");
INSERT INTO detailbayarumum VALUES("421","94","350000","2018/2019-2","213");
INSERT INTO detailbayarumum VALUES("422","94","100000","2018/2019-2","214");
INSERT INTO detailbayarumum VALUES("423","94","200000","2018/2019-2","215");
INSERT INTO detailbayarumum VALUES("424","100","800000","2018/2019-2","210");
INSERT INTO detailbayarumum VALUES("425","100","1200000","2018/2019-2","211");
INSERT INTO detailbayarumum VALUES("426","100","100000","2018/2019-2","212");
INSERT INTO detailbayarumum VALUES("427","100","350000","2018/2019-2","213");
INSERT INTO detailbayarumum VALUES("428","100","100000","2018/2019-2","214");
INSERT INTO detailbayarumum VALUES("429","100","200000","2018/2019-2","215");
INSERT INTO detailbayarumum VALUES("430","102","800000","2018/2019-2","210");
INSERT INTO detailbayarumum VALUES("431","102","1200000","2018/2019-2","211");
INSERT INTO detailbayarumum VALUES("432","102","100000","2018/2019-2","212");
INSERT INTO detailbayarumum VALUES("433","102","350000","2018/2019-2","213");
INSERT INTO detailbayarumum VALUES("434","102","100000","2018/2019-2","214");
INSERT INTO detailbayarumum VALUES("435","102","200000","2018/2019-2","215");
INSERT INTO detailbayarumum VALUES("436","103","800000","2018/2019-2","210");
INSERT INTO detailbayarumum VALUES("437","103","1200000","2018/2019-2","211");
INSERT INTO detailbayarumum VALUES("438","103","100000","2018/2019-2","212");
INSERT INTO detailbayarumum VALUES("439","103","350000","2018/2019-2","213");
INSERT INTO detailbayarumum VALUES("440","103","100000","2018/2019-2","214");
INSERT INTO detailbayarumum VALUES("441","103","200000","2018/2019-2","215");
INSERT INTO detailbayarumum VALUES("442","107","800000","2018/2019-2","210");
INSERT INTO detailbayarumum VALUES("443","107","1200000","2018/2019-2","211");
INSERT INTO detailbayarumum VALUES("444","107","100000","2018/2019-2","212");
INSERT INTO detailbayarumum VALUES("445","107","350000","2018/2019-2","213");
INSERT INTO detailbayarumum VALUES("446","107","100000","2018/2019-2","214");
INSERT INTO detailbayarumum VALUES("447","107","200000","2018/2019-2","215");
INSERT INTO detailbayarumum VALUES("448","111","800000","2018/2019-2","210");
INSERT INTO detailbayarumum VALUES("449","111","1200000","2018/2019-2","211");
INSERT INTO detailbayarumum VALUES("450","111","100000","2018/2019-2","212");
INSERT INTO detailbayarumum VALUES("451","111","350000","2018/2019-2","213");
INSERT INTO detailbayarumum VALUES("452","111","100000","2018/2019-2","214");
INSERT INTO detailbayarumum VALUES("453","111","200000","2018/2019-2","215");
INSERT INTO detailbayarumum VALUES("454","113","800000","2018/2019-2","210");
INSERT INTO detailbayarumum VALUES("455","113","1200000","2018/2019-2","211");
INSERT INTO detailbayarumum VALUES("456","113","100000","2018/2019-2","212");
INSERT INTO detailbayarumum VALUES("457","113","350000","2018/2019-2","213");
INSERT INTO detailbayarumum VALUES("458","113","100000","2018/2019-2","214");
INSERT INTO detailbayarumum VALUES("459","113","200000","2018/2019-2","215");
INSERT INTO detailbayarumum VALUES("460","114","800000","2018/2019-2","210");
INSERT INTO detailbayarumum VALUES("461","114","1200000","2018/2019-2","211");
INSERT INTO detailbayarumum VALUES("462","114","100000","2018/2019-2","212");
INSERT INTO detailbayarumum VALUES("463","114","350000","2018/2019-2","213");
INSERT INTO detailbayarumum VALUES("464","114","100000","2018/2019-2","214");
INSERT INTO detailbayarumum VALUES("465","114","200000","2018/2019-2","215");
INSERT INTO detailbayarumum VALUES("466","314","800000","2018/2019-2","210");
INSERT INTO detailbayarumum VALUES("467","314","1200000","2018/2019-2","211");
INSERT INTO detailbayarumum VALUES("468","314","100000","2018/2019-2","212");
INSERT INTO detailbayarumum VALUES("469","314","350000","2018/2019-2","213");
INSERT INTO detailbayarumum VALUES("470","314","100000","2018/2019-2","214");
INSERT INTO detailbayarumum VALUES("471","314","200000","2018/2019-2","215");
INSERT INTO detailbayarumum VALUES("472","115","800000","2018/2019-2","210");
INSERT INTO detailbayarumum VALUES("473","115","1200000","2018/2019-2","211");
INSERT INTO detailbayarumum VALUES("474","115","100000","2018/2019-2","212");
INSERT INTO detailbayarumum VALUES("475","115","350000","2018/2019-2","213");
INSERT INTO detailbayarumum VALUES("476","115","100000","2018/2019-2","214");
INSERT INTO detailbayarumum VALUES("477","115","200000","2018/2019-2","215");
INSERT INTO detailbayarumum VALUES("478","154","800000","2018/2019-2","210");
INSERT INTO detailbayarumum VALUES("479","154","1200000","2018/2019-2","211");
INSERT INTO detailbayarumum VALUES("480","154","100000","2018/2019-2","212");
INSERT INTO detailbayarumum VALUES("481","154","350000","2018/2019-2","213");
INSERT INTO detailbayarumum VALUES("482","154","100000","2018/2019-2","214");
INSERT INTO detailbayarumum VALUES("483","154","200000","2018/2019-2","215");
INSERT INTO detailbayarumum VALUES("484","158","800000","2018/2019-2","210");
INSERT INTO detailbayarumum VALUES("485","158","1200000","2018/2019-2","211");
INSERT INTO detailbayarumum VALUES("486","158","100000","2018/2019-2","212");
INSERT INTO detailbayarumum VALUES("487","158","350000","2018/2019-2","213");
INSERT INTO detailbayarumum VALUES("488","158","100000","2018/2019-2","214");
INSERT INTO detailbayarumum VALUES("489","158","200000","2018/2019-2","215");
INSERT INTO detailbayarumum VALUES("490","162","800000","2018/2019-2","216");
INSERT INTO detailbayarumum VALUES("491","162","1200000","2018/2019-2","217");
INSERT INTO detailbayarumum VALUES("492","162","100000","2018/2019-2","218");
INSERT INTO detailbayarumum VALUES("493","162","350000","2018/2019-2","219");
INSERT INTO detailbayarumum VALUES("494","162","100000","2018/2019-2","220");
INSERT INTO detailbayarumum VALUES("495","162","200000","2018/2019-2","221");
INSERT INTO detailbayarumum VALUES("496","163","800000","2018/2019-2","216");
INSERT INTO detailbayarumum VALUES("497","163","1200000","2018/2019-2","217");
INSERT INTO detailbayarumum VALUES("498","163","100000","2018/2019-2","218");
INSERT INTO detailbayarumum VALUES("499","163","350000","2018/2019-2","219");
INSERT INTO detailbayarumum VALUES("500","163","100000","2018/2019-2","220");
INSERT INTO detailbayarumum VALUES("501","163","200000","2018/2019-2","221");
INSERT INTO detailbayarumum VALUES("502","167","800000","2018/2019-2","216");
INSERT INTO detailbayarumum VALUES("503","167","1200000","2018/2019-2","217");
INSERT INTO detailbayarumum VALUES("504","167","100000","2018/2019-2","218");
INSERT INTO detailbayarumum VALUES("505","167","350000","2018/2019-2","219");
INSERT INTO detailbayarumum VALUES("506","167","100000","2018/2019-2","220");
INSERT INTO detailbayarumum VALUES("507","167","200000","2018/2019-2","221");
INSERT INTO detailbayarumum VALUES("508","168","800000","2018/2019-2","216");
INSERT INTO detailbayarumum VALUES("509","168","1200000","2018/2019-2","217");
INSERT INTO detailbayarumum VALUES("510","168","100000","2018/2019-2","218");
INSERT INTO detailbayarumum VALUES("511","168","350000","2018/2019-2","219");
INSERT INTO detailbayarumum VALUES("512","168","100000","2018/2019-2","220");
INSERT INTO detailbayarumum VALUES("513","168","200000","2018/2019-2","221");
INSERT INTO detailbayarumum VALUES("514","170","800000","2018/2019-2","216");
INSERT INTO detailbayarumum VALUES("515","170","1200000","2018/2019-2","217");
INSERT INTO detailbayarumum VALUES("516","170","100000","2018/2019-2","218");
INSERT INTO detailbayarumum VALUES("517","170","350000","2018/2019-2","219");
INSERT INTO detailbayarumum VALUES("518","170","100000","2018/2019-2","220");
INSERT INTO detailbayarumum VALUES("519","170","200000","2018/2019-2","221");
INSERT INTO detailbayarumum VALUES("520","173","800000","2018/2019-2","216");
INSERT INTO detailbayarumum VALUES("521","173","1200000","2018/2019-2","217");
INSERT INTO detailbayarumum VALUES("522","173","100000","2018/2019-2","218");
INSERT INTO detailbayarumum VALUES("523","173","350000","2018/2019-2","219");
INSERT INTO detailbayarumum VALUES("524","173","100000","2018/2019-2","220");
INSERT INTO detailbayarumum VALUES("525","173","200000","2018/2019-2","221");
INSERT INTO detailbayarumum VALUES("526","174","800000","2018/2019-2","216");
INSERT INTO detailbayarumum VALUES("527","174","1200000","2018/2019-2","217");
INSERT INTO detailbayarumum VALUES("528","174","100000","2018/2019-2","218");
INSERT INTO detailbayarumum VALUES("529","174","350000","2018/2019-2","219");
INSERT INTO detailbayarumum VALUES("530","174","100000","2018/2019-2","220");
INSERT INTO detailbayarumum VALUES("531","174","200000","2018/2019-2","221");
INSERT INTO detailbayarumum VALUES("532","175","800000","2018/2019-2","216");
INSERT INTO detailbayarumum VALUES("533","175","1200000","2018/2019-2","217");
INSERT INTO detailbayarumum VALUES("534","175","100000","2018/2019-2","218");
INSERT INTO detailbayarumum VALUES("535","175","350000","2018/2019-2","219");
INSERT INTO detailbayarumum VALUES("536","175","100000","2018/2019-2","220");
INSERT INTO detailbayarumum VALUES("537","175","200000","2018/2019-2","221");
INSERT INTO detailbayarumum VALUES("538","177","800000","2018/2019-2","216");
INSERT INTO detailbayarumum VALUES("539","177","1200000","2018/2019-2","217");
INSERT INTO detailbayarumum VALUES("540","177","100000","2018/2019-2","218");
INSERT INTO detailbayarumum VALUES("541","177","350000","2018/2019-2","219");
INSERT INTO detailbayarumum VALUES("542","177","100000","2018/2019-2","220");
INSERT INTO detailbayarumum VALUES("543","177","200000","2018/2019-2","221");
INSERT INTO detailbayarumum VALUES("544","179","800000","2018/2019-2","216");
INSERT INTO detailbayarumum VALUES("545","179","1200000","2018/2019-2","217");
INSERT INTO detailbayarumum VALUES("546","179","100000","2018/2019-2","218");
INSERT INTO detailbayarumum VALUES("547","179","350000","2018/2019-2","219");
INSERT INTO detailbayarumum VALUES("548","179","100000","2018/2019-2","220");
INSERT INTO detailbayarumum VALUES("549","179","200000","2018/2019-2","221");
INSERT INTO detailbayarumum VALUES("550","180","800000","2018/2019-2","216");
INSERT INTO detailbayarumum VALUES("551","180","1200000","2018/2019-2","217");
INSERT INTO detailbayarumum VALUES("552","180","100000","2018/2019-2","218");
INSERT INTO detailbayarumum VALUES("553","180","350000","2018/2019-2","219");
INSERT INTO detailbayarumum VALUES("554","180","100000","2018/2019-2","220");
INSERT INTO detailbayarumum VALUES("555","180","200000","2018/2019-2","221");
INSERT INTO detailbayarumum VALUES("556","181","800000","2018/2019-2","216");
INSERT INTO detailbayarumum VALUES("557","181","1200000","2018/2019-2","217");
INSERT INTO detailbayarumum VALUES("558","181","100000","2018/2019-2","218");
INSERT INTO detailbayarumum VALUES("559","181","350000","2018/2019-2","219");
INSERT INTO detailbayarumum VALUES("560","181","100000","2018/2019-2","220");
INSERT INTO detailbayarumum VALUES("561","181","200000","2018/2019-2","221");
INSERT INTO detailbayarumum VALUES("562","182","800000","2018/2019-2","216");
INSERT INTO detailbayarumum VALUES("563","182","1200000","2018/2019-2","217");
INSERT INTO detailbayarumum VALUES("564","182","100000","2018/2019-2","218");
INSERT INTO detailbayarumum VALUES("565","182","350000","2018/2019-2","219");
INSERT INTO detailbayarumum VALUES("566","182","100000","2018/2019-2","220");
INSERT INTO detailbayarumum VALUES("567","182","200000","2018/2019-2","221");
INSERT INTO detailbayarumum VALUES("568","183","800000","2018/2019-2","216");
INSERT INTO detailbayarumum VALUES("569","183","1200000","2018/2019-2","217");
INSERT INTO detailbayarumum VALUES("570","183","100000","2018/2019-2","218");
INSERT INTO detailbayarumum VALUES("571","183","350000","2018/2019-2","219");
INSERT INTO detailbayarumum VALUES("572","183","100000","2018/2019-2","220");
INSERT INTO detailbayarumum VALUES("573","183","200000","2018/2019-2","221");
INSERT INTO detailbayarumum VALUES("574","184","800000","2018/2019-2","216");
INSERT INTO detailbayarumum VALUES("575","184","1200000","2018/2019-2","217");
INSERT INTO detailbayarumum VALUES("576","184","100000","2018/2019-2","218");
INSERT INTO detailbayarumum VALUES("577","184","350000","2018/2019-2","219");
INSERT INTO detailbayarumum VALUES("578","184","100000","2018/2019-2","220");
INSERT INTO detailbayarumum VALUES("579","184","200000","2018/2019-2","221");
INSERT INTO detailbayarumum VALUES("580","185","800000","2018/2019-2","216");
INSERT INTO detailbayarumum VALUES("581","185","1200000","2018/2019-2","217");
INSERT INTO detailbayarumum VALUES("582","185","100000","2018/2019-2","218");
INSERT INTO detailbayarumum VALUES("583","185","350000","2018/2019-2","219");
INSERT INTO detailbayarumum VALUES("584","185","100000","2018/2019-2","220");
INSERT INTO detailbayarumum VALUES("585","185","200000","2018/2019-2","221");
INSERT INTO detailbayarumum VALUES("586","188","800000","2018/2019-2","216");
INSERT INTO detailbayarumum VALUES("587","188","1200000","2018/2019-2","217");
INSERT INTO detailbayarumum VALUES("588","188","100000","2018/2019-2","218");
INSERT INTO detailbayarumum VALUES("589","188","350000","2018/2019-2","219");
INSERT INTO detailbayarumum VALUES("590","188","100000","2018/2019-2","220");
INSERT INTO detailbayarumum VALUES("591","188","200000","2018/2019-2","221");
INSERT INTO detailbayarumum VALUES("592","190","800000","2018/2019-2","216");
INSERT INTO detailbayarumum VALUES("593","190","1200000","2018/2019-2","217");
INSERT INTO detailbayarumum VALUES("594","190","100000","2018/2019-2","218");
INSERT INTO detailbayarumum VALUES("595","190","350000","2018/2019-2","219");
INSERT INTO detailbayarumum VALUES("596","190","100000","2018/2019-2","220");
INSERT INTO detailbayarumum VALUES("597","190","200000","2018/2019-2","221");
INSERT INTO detailbayarumum VALUES("598","192","800000","2018/2019-2","216");
INSERT INTO detailbayarumum VALUES("599","192","1200000","2018/2019-2","217");
INSERT INTO detailbayarumum VALUES("600","192","100000","2018/2019-2","218");
INSERT INTO detailbayarumum VALUES("601","192","350000","2018/2019-2","219");
INSERT INTO detailbayarumum VALUES("602","192","100000","2018/2019-2","220");
INSERT INTO detailbayarumum VALUES("603","192","200000","2018/2019-2","221");
INSERT INTO detailbayarumum VALUES("604","210","800000","2018/2019-2","216");
INSERT INTO detailbayarumum VALUES("605","210","1200000","2018/2019-2","217");
INSERT INTO detailbayarumum VALUES("606","210","100000","2018/2019-2","218");
INSERT INTO detailbayarumum VALUES("607","210","350000","2018/2019-2","219");
INSERT INTO detailbayarumum VALUES("608","210","100000","2018/2019-2","220");
INSERT INTO detailbayarumum VALUES("609","210","200000","2018/2019-2","221");
INSERT INTO detailbayarumum VALUES("610","211","800000","2018/2019-2","216");
INSERT INTO detailbayarumum VALUES("611","211","1200000","2018/2019-2","217");
INSERT INTO detailbayarumum VALUES("612","211","100000","2018/2019-2","218");
INSERT INTO detailbayarumum VALUES("613","211","350000","2018/2019-2","219");
INSERT INTO detailbayarumum VALUES("614","211","100000","2018/2019-2","220");
INSERT INTO detailbayarumum VALUES("615","211","200000","2018/2019-2","221");
INSERT INTO detailbayarumum VALUES("616","216","800000","2018/2019-2","216");
INSERT INTO detailbayarumum VALUES("617","216","1200000","2018/2019-2","217");
INSERT INTO detailbayarumum VALUES("618","216","100000","2018/2019-2","218");
INSERT INTO detailbayarumum VALUES("619","216","350000","2018/2019-2","219");
INSERT INTO detailbayarumum VALUES("620","216","100000","2018/2019-2","220");
INSERT INTO detailbayarumum VALUES("621","216","200000","2018/2019-2","221");
INSERT INTO detailbayarumum VALUES("622","219","800000","2018/2019-2","216");
INSERT INTO detailbayarumum VALUES("623","219","1200000","2018/2019-2","217");
INSERT INTO detailbayarumum VALUES("624","219","100000","2018/2019-2","218");
INSERT INTO detailbayarumum VALUES("625","219","350000","2018/2019-2","219");
INSERT INTO detailbayarumum VALUES("626","219","100000","2018/2019-2","220");
INSERT INTO detailbayarumum VALUES("627","219","200000","2018/2019-2","221");
INSERT INTO detailbayarumum VALUES("628","222","800000","2018/2019-2","216");
INSERT INTO detailbayarumum VALUES("629","222","1200000","2018/2019-2","217");
INSERT INTO detailbayarumum VALUES("630","222","100000","2018/2019-2","218");
INSERT INTO detailbayarumum VALUES("631","222","350000","2018/2019-2","219");
INSERT INTO detailbayarumum VALUES("632","222","100000","2018/2019-2","220");
INSERT INTO detailbayarumum VALUES("633","222","200000","2018/2019-2","221");
INSERT INTO detailbayarumum VALUES("634","225","800000","2018/2019-2","216");
INSERT INTO detailbayarumum VALUES("635","225","1200000","2018/2019-2","217");
INSERT INTO detailbayarumum VALUES("636","225","100000","2018/2019-2","218");
INSERT INTO detailbayarumum VALUES("637","225","350000","2018/2019-2","219");
INSERT INTO detailbayarumum VALUES("638","225","100000","2018/2019-2","220");
INSERT INTO detailbayarumum VALUES("639","225","200000","2018/2019-2","221");
INSERT INTO detailbayarumum VALUES("640","226","800000","2018/2019-2","216");
INSERT INTO detailbayarumum VALUES("641","226","1200000","2018/2019-2","217");
INSERT INTO detailbayarumum VALUES("642","226","100000","2018/2019-2","218");
INSERT INTO detailbayarumum VALUES("643","226","350000","2018/2019-2","219");
INSERT INTO detailbayarumum VALUES("644","226","100000","2018/2019-2","220");
INSERT INTO detailbayarumum VALUES("645","226","200000","2018/2019-2","221");
INSERT INTO detailbayarumum VALUES("646","230","800000","2018/2019-2","216");
INSERT INTO detailbayarumum VALUES("647","230","1200000","2018/2019-2","217");
INSERT INTO detailbayarumum VALUES("648","230","100000","2018/2019-2","218");
INSERT INTO detailbayarumum VALUES("649","230","350000","2018/2019-2","219");
INSERT INTO detailbayarumum VALUES("650","230","100000","2018/2019-2","220");
INSERT INTO detailbayarumum VALUES("651","230","200000","2018/2019-2","221");
INSERT INTO detailbayarumum VALUES("652","31","800000","2018/2019-2","222");
INSERT INTO detailbayarumum VALUES("653","31","1200000","2018/2019-2","223");
INSERT INTO detailbayarumum VALUES("654","31","100000","2018/2019-2","224");
INSERT INTO detailbayarumum VALUES("655","31","350000","2018/2019-2","225");
INSERT INTO detailbayarumum VALUES("656","31","100000","2018/2019-2","226");
INSERT INTO detailbayarumum VALUES("657","31","200000","2018/2019-2","227");
INSERT INTO detailbayarumum VALUES("658","32","800000","2018/2019-2","222");
INSERT INTO detailbayarumum VALUES("659","32","1200000","2018/2019-2","223");
INSERT INTO detailbayarumum VALUES("660","32","100000","2018/2019-2","224");
INSERT INTO detailbayarumum VALUES("661","32","350000","2018/2019-2","225");
INSERT INTO detailbayarumum VALUES("662","32","100000","2018/2019-2","226");
INSERT INTO detailbayarumum VALUES("663","32","200000","2018/2019-2","227");
INSERT INTO detailbayarumum VALUES("664","33","800000","2018/2019-2","222");
INSERT INTO detailbayarumum VALUES("665","33","1200000","2018/2019-2","223");
INSERT INTO detailbayarumum VALUES("666","33","100000","2018/2019-2","224");
INSERT INTO detailbayarumum VALUES("667","33","350000","2018/2019-2","225");
INSERT INTO detailbayarumum VALUES("668","33","100000","2018/2019-2","226");
INSERT INTO detailbayarumum VALUES("669","33","200000","2018/2019-2","227");
INSERT INTO detailbayarumum VALUES("670","34","800000","2018/2019-2","222");
INSERT INTO detailbayarumum VALUES("671","34","1200000","2018/2019-2","223");
INSERT INTO detailbayarumum VALUES("672","34","100000","2018/2019-2","224");
INSERT INTO detailbayarumum VALUES("673","34","350000","2018/2019-2","225");
INSERT INTO detailbayarumum VALUES("674","34","100000","2018/2019-2","226");
INSERT INTO detailbayarumum VALUES("675","34","200000","2018/2019-2","227");
INSERT INTO detailbayarumum VALUES("676","35","800000","2018/2019-2","222");
INSERT INTO detailbayarumum VALUES("677","35","1200000","2018/2019-2","223");
INSERT INTO detailbayarumum VALUES("678","35","100000","2018/2019-2","224");
INSERT INTO detailbayarumum VALUES("679","35","350000","2018/2019-2","225");
INSERT INTO detailbayarumum VALUES("680","35","100000","2018/2019-2","226");
INSERT INTO detailbayarumum VALUES("681","35","200000","2018/2019-2","227");
INSERT INTO detailbayarumum VALUES("682","36","800000","2018/2019-2","222");
INSERT INTO detailbayarumum VALUES("683","36","1200000","2018/2019-2","223");
INSERT INTO detailbayarumum VALUES("684","36","100000","2018/2019-2","224");
INSERT INTO detailbayarumum VALUES("685","36","350000","2018/2019-2","225");
INSERT INTO detailbayarumum VALUES("686","36","100000","2018/2019-2","226");
INSERT INTO detailbayarumum VALUES("687","36","200000","2018/2019-2","227");
INSERT INTO detailbayarumum VALUES("688","38","800000","2018/2019-2","222");
INSERT INTO detailbayarumum VALUES("689","38","1200000","2018/2019-2","223");
INSERT INTO detailbayarumum VALUES("690","38","100000","2018/2019-2","224");
INSERT INTO detailbayarumum VALUES("691","38","350000","2018/2019-2","225");
INSERT INTO detailbayarumum VALUES("692","38","100000","2018/2019-2","226");
INSERT INTO detailbayarumum VALUES("693","38","200000","2018/2019-2","227");
INSERT INTO detailbayarumum VALUES("694","39","800000","2018/2019-2","222");
INSERT INTO detailbayarumum VALUES("695","39","1200000","2018/2019-2","223");
INSERT INTO detailbayarumum VALUES("696","39","100000","2018/2019-2","224");
INSERT INTO detailbayarumum VALUES("697","39","350000","2018/2019-2","225");
INSERT INTO detailbayarumum VALUES("698","39","100000","2018/2019-2","226");
INSERT INTO detailbayarumum VALUES("699","39","200000","2018/2019-2","227");
INSERT INTO detailbayarumum VALUES("700","42","800000","2018/2019-2","222");
INSERT INTO detailbayarumum VALUES("701","42","1200000","2018/2019-2","223");
INSERT INTO detailbayarumum VALUES("702","42","100000","2018/2019-2","224");
INSERT INTO detailbayarumum VALUES("703","42","350000","2018/2019-2","225");
INSERT INTO detailbayarumum VALUES("704","42","100000","2018/2019-2","226");
INSERT INTO detailbayarumum VALUES("705","42","200000","2018/2019-2","227");
INSERT INTO detailbayarumum VALUES("706","315","800000","2018/2019-2","222");
INSERT INTO detailbayarumum VALUES("707","315","1200000","2018/2019-2","223");
INSERT INTO detailbayarumum VALUES("708","315","100000","2018/2019-2","224");
INSERT INTO detailbayarumum VALUES("709","315","350000","2018/2019-2","225");
INSERT INTO detailbayarumum VALUES("710","315","100000","2018/2019-2","226");
INSERT INTO detailbayarumum VALUES("711","315","200000","2018/2019-2","227");
INSERT INTO detailbayarumum VALUES("712","44","800000","2018/2019-2","222");
INSERT INTO detailbayarumum VALUES("713","44","1200000","2018/2019-2","223");
INSERT INTO detailbayarumum VALUES("714","44","100000","2018/2019-2","224");
INSERT INTO detailbayarumum VALUES("715","44","350000","2018/2019-2","225");
INSERT INTO detailbayarumum VALUES("716","44","100000","2018/2019-2","226");
INSERT INTO detailbayarumum VALUES("717","44","200000","2018/2019-2","227");
INSERT INTO detailbayarumum VALUES("718","45","800000","2018/2019-2","222");
INSERT INTO detailbayarumum VALUES("719","45","1200000","2018/2019-2","223");
INSERT INTO detailbayarumum VALUES("720","45","100000","2018/2019-2","224");
INSERT INTO detailbayarumum VALUES("721","45","350000","2018/2019-2","225");
INSERT INTO detailbayarumum VALUES("722","45","100000","2018/2019-2","226");
INSERT INTO detailbayarumum VALUES("723","45","200000","2018/2019-2","227");
INSERT INTO detailbayarumum VALUES("724","47","800000","2018/2019-2","222");
INSERT INTO detailbayarumum VALUES("725","47","1200000","2018/2019-2","223");
INSERT INTO detailbayarumum VALUES("726","47","100000","2018/2019-2","224");
INSERT INTO detailbayarumum VALUES("727","47","350000","2018/2019-2","225");
INSERT INTO detailbayarumum VALUES("728","47","100000","2018/2019-2","226");
INSERT INTO detailbayarumum VALUES("729","47","200000","2018/2019-2","227");
INSERT INTO detailbayarumum VALUES("730","50","800000","2018/2019-2","222");
INSERT INTO detailbayarumum VALUES("731","50","1200000","2018/2019-2","223");
INSERT INTO detailbayarumum VALUES("732","50","100000","2018/2019-2","224");
INSERT INTO detailbayarumum VALUES("733","50","350000","2018/2019-2","225");
INSERT INTO detailbayarumum VALUES("734","50","100000","2018/2019-2","226");
INSERT INTO detailbayarumum VALUES("735","50","200000","2018/2019-2","227");
INSERT INTO detailbayarumum VALUES("736","52","800000","2018/2019-2","222");
INSERT INTO detailbayarumum VALUES("737","52","1200000","2018/2019-2","223");
INSERT INTO detailbayarumum VALUES("738","52","100000","2018/2019-2","224");
INSERT INTO detailbayarumum VALUES("739","52","350000","2018/2019-2","225");
INSERT INTO detailbayarumum VALUES("740","52","100000","2018/2019-2","226");
INSERT INTO detailbayarumum VALUES("741","52","200000","2018/2019-2","227");
INSERT INTO detailbayarumum VALUES("742","53","800000","2018/2019-2","222");
INSERT INTO detailbayarumum VALUES("743","53","1200000","2018/2019-2","223");
INSERT INTO detailbayarumum VALUES("744","53","100000","2018/2019-2","224");
INSERT INTO detailbayarumum VALUES("745","53","350000","2018/2019-2","225");
INSERT INTO detailbayarumum VALUES("746","53","100000","2018/2019-2","226");
INSERT INTO detailbayarumum VALUES("747","53","200000","2018/2019-2","227");
INSERT INTO detailbayarumum VALUES("748","79","800000","2018/2019-2","222");
INSERT INTO detailbayarumum VALUES("749","79","1200000","2018/2019-2","223");
INSERT INTO detailbayarumum VALUES("750","79","100000","2018/2019-2","224");
INSERT INTO detailbayarumum VALUES("751","79","350000","2018/2019-2","225");
INSERT INTO detailbayarumum VALUES("752","79","100000","2018/2019-2","226");
INSERT INTO detailbayarumum VALUES("753","79","200000","2018/2019-2","227");
INSERT INTO detailbayarumum VALUES("754","83","800000","2018/2019-2","222");
INSERT INTO detailbayarumum VALUES("755","83","1200000","2018/2019-2","223");
INSERT INTO detailbayarumum VALUES("756","83","100000","2018/2019-2","224");
INSERT INTO detailbayarumum VALUES("757","83","350000","2018/2019-2","225");
INSERT INTO detailbayarumum VALUES("758","83","100000","2018/2019-2","226");
INSERT INTO detailbayarumum VALUES("759","83","200000","2018/2019-2","227");
INSERT INTO detailbayarumum VALUES("760","86","800000","2018/2019-2","222");
INSERT INTO detailbayarumum VALUES("761","86","1200000","2018/2019-2","223");
INSERT INTO detailbayarumum VALUES("762","86","100000","2018/2019-2","224");
INSERT INTO detailbayarumum VALUES("763","86","350000","2018/2019-2","225");
INSERT INTO detailbayarumum VALUES("764","86","100000","2018/2019-2","226");
INSERT INTO detailbayarumum VALUES("765","86","200000","2018/2019-2","227");
INSERT INTO detailbayarumum VALUES("766","89","800000","2018/2019-2","222");
INSERT INTO detailbayarumum VALUES("767","89","1200000","2018/2019-2","223");
INSERT INTO detailbayarumum VALUES("768","89","100000","2018/2019-2","224");
INSERT INTO detailbayarumum VALUES("769","89","350000","2018/2019-2","225");
INSERT INTO detailbayarumum VALUES("770","89","100000","2018/2019-2","226");
INSERT INTO detailbayarumum VALUES("771","89","200000","2018/2019-2","227");
INSERT INTO detailbayarumum VALUES("772","99","800000","2018/2019-2","222");
INSERT INTO detailbayarumum VALUES("773","99","1200000","2018/2019-2","223");
INSERT INTO detailbayarumum VALUES("774","99","100000","2018/2019-2","224");
INSERT INTO detailbayarumum VALUES("775","99","350000","2018/2019-2","225");
INSERT INTO detailbayarumum VALUES("776","99","100000","2018/2019-2","226");
INSERT INTO detailbayarumum VALUES("777","99","200000","2018/2019-2","227");
INSERT INTO detailbayarumum VALUES("778","101","800000","2018/2019-2","222");
INSERT INTO detailbayarumum VALUES("779","101","1200000","2018/2019-2","223");
INSERT INTO detailbayarumum VALUES("780","101","100000","2018/2019-2","224");
INSERT INTO detailbayarumum VALUES("781","101","350000","2018/2019-2","225");
INSERT INTO detailbayarumum VALUES("782","101","100000","2018/2019-2","226");
INSERT INTO detailbayarumum VALUES("783","101","200000","2018/2019-2","227");
INSERT INTO detailbayarumum VALUES("784","104","800000","2018/2019-2","222");
INSERT INTO detailbayarumum VALUES("785","104","1200000","2018/2019-2","223");
INSERT INTO detailbayarumum VALUES("786","104","100000","2018/2019-2","224");
INSERT INTO detailbayarumum VALUES("787","104","350000","2018/2019-2","225");
INSERT INTO detailbayarumum VALUES("788","104","100000","2018/2019-2","226");
INSERT INTO detailbayarumum VALUES("789","104","200000","2018/2019-2","227");
INSERT INTO detailbayarumum VALUES("790","106","800000","2018/2019-2","222");
INSERT INTO detailbayarumum VALUES("791","106","1200000","2018/2019-2","223");
INSERT INTO detailbayarumum VALUES("792","106","100000","2018/2019-2","224");
INSERT INTO detailbayarumum VALUES("793","106","350000","2018/2019-2","225");
INSERT INTO detailbayarumum VALUES("794","106","100000","2018/2019-2","226");
INSERT INTO detailbayarumum VALUES("795","106","200000","2018/2019-2","227");
INSERT INTO detailbayarumum VALUES("796","119","800000","2018/2019-2","222");
INSERT INTO detailbayarumum VALUES("797","119","1200000","2018/2019-2","223");
INSERT INTO detailbayarumum VALUES("798","119","100000","2018/2019-2","224");
INSERT INTO detailbayarumum VALUES("799","119","350000","2018/2019-2","225");
INSERT INTO detailbayarumum VALUES("800","119","100000","2018/2019-2","226");
INSERT INTO detailbayarumum VALUES("801","119","200000","2018/2019-2","227");
INSERT INTO detailbayarumum VALUES("802","122","800000","2018/2019-2","222");
INSERT INTO detailbayarumum VALUES("803","122","1200000","2018/2019-2","223");
INSERT INTO detailbayarumum VALUES("804","122","100000","2018/2019-2","224");
INSERT INTO detailbayarumum VALUES("805","122","350000","2018/2019-2","225");
INSERT INTO detailbayarumum VALUES("806","122","100000","2018/2019-2","226");
INSERT INTO detailbayarumum VALUES("807","122","200000","2018/2019-2","227");
INSERT INTO detailbayarumum VALUES("808","123","0","2018/2019-2","234");
INSERT INTO detailbayarumum VALUES("809","123","0","2018/2019-2","235");
INSERT INTO detailbayarumum VALUES("810","123","0","2018/2019-2","236");
INSERT INTO detailbayarumum VALUES("811","123","0","2018/2019-2","237");
INSERT INTO detailbayarumum VALUES("812","123","0","2018/2019-2","238");
INSERT INTO detailbayarumum VALUES("813","123","200000","2018/2019-2","239");
INSERT INTO detailbayarumum VALUES("814","123","5200000","2018/2019-2","240");
INSERT INTO detailbayarumum VALUES("815","49","0","2018/2019-2","234");
INSERT INTO detailbayarumum VALUES("816","49","0","2018/2019-2","235");
INSERT INTO detailbayarumum VALUES("817","49","0","2018/2019-2","236");
INSERT INTO detailbayarumum VALUES("818","49","0","2018/2019-2","237");
INSERT INTO detailbayarumum VALUES("819","49","0","2018/2019-2","238");
INSERT INTO detailbayarumum VALUES("820","49","200000","2018/2019-2","239");
INSERT INTO detailbayarumum VALUES("821","49","5200000","2018/2019-2","240");
INSERT INTO detailbayarumum VALUES("822","84","0","2018/2019-2","234");
INSERT INTO detailbayarumum VALUES("823","84","0","2018/2019-2","235");
INSERT INTO detailbayarumum VALUES("824","84","0","2018/2019-2","236");
INSERT INTO detailbayarumum VALUES("825","84","0","2018/2019-2","237");
INSERT INTO detailbayarumum VALUES("826","84","0","2018/2019-2","238");
INSERT INTO detailbayarumum VALUES("827","84","200000","2018/2019-2","239");
INSERT INTO detailbayarumum VALUES("828","84","5200000","2018/2019-2","240");
INSERT INTO detailbayarumum VALUES("829","125","800000","2018/2019-2","222");
INSERT INTO detailbayarumum VALUES("830","125","1200000","2018/2019-2","223");
INSERT INTO detailbayarumum VALUES("831","125","100000","2018/2019-2","224");
INSERT INTO detailbayarumum VALUES("832","125","350000","2018/2019-2","225");
INSERT INTO detailbayarumum VALUES("833","125","100000","2018/2019-2","226");
INSERT INTO detailbayarumum VALUES("834","125","200000","2018/2019-2","227");
INSERT INTO detailbayarumum VALUES("835","126","800000","2018/2019-2","222");
INSERT INTO detailbayarumum VALUES("836","126","1200000","2018/2019-2","223");
INSERT INTO detailbayarumum VALUES("837","126","100000","2018/2019-2","224");
INSERT INTO detailbayarumum VALUES("838","126","350000","2018/2019-2","225");
INSERT INTO detailbayarumum VALUES("839","126","100000","2018/2019-2","226");
INSERT INTO detailbayarumum VALUES("840","126","200000","2018/2019-2","227");
INSERT INTO detailbayarumum VALUES("841","127","800000","2018/2019-2","222");
INSERT INTO detailbayarumum VALUES("842","127","1200000","2018/2019-2","223");
INSERT INTO detailbayarumum VALUES("843","127","100000","2018/2019-2","224");
INSERT INTO detailbayarumum VALUES("844","127","350000","2018/2019-2","225");
INSERT INTO detailbayarumum VALUES("845","127","100000","2018/2019-2","226");
INSERT INTO detailbayarumum VALUES("846","127","200000","2018/2019-2","227");
INSERT INTO detailbayarumum VALUES("847","128","800000","2018/2019-2","222");
INSERT INTO detailbayarumum VALUES("848","128","1200000","2018/2019-2","223");
INSERT INTO detailbayarumum VALUES("849","128","100000","2018/2019-2","224");
INSERT INTO detailbayarumum VALUES("850","128","350000","2018/2019-2","225");
INSERT INTO detailbayarumum VALUES("851","128","100000","2018/2019-2","226");
INSERT INTO detailbayarumum VALUES("852","128","200000","2018/2019-2","227");
INSERT INTO detailbayarumum VALUES("853","131","800000","2018/2019-2","222");
INSERT INTO detailbayarumum VALUES("854","131","1200000","2018/2019-2","223");
INSERT INTO detailbayarumum VALUES("855","131","100000","2018/2019-2","224");
INSERT INTO detailbayarumum VALUES("856","131","350000","2018/2019-2","225");
INSERT INTO detailbayarumum VALUES("857","131","100000","2018/2019-2","226");
INSERT INTO detailbayarumum VALUES("858","131","200000","2018/2019-2","227");
INSERT INTO detailbayarumum VALUES("859","133","800000","2018/2019-2","222");
INSERT INTO detailbayarumum VALUES("860","133","1200000","2018/2019-2","223");
INSERT INTO detailbayarumum VALUES("861","133","100000","2018/2019-2","224");
INSERT INTO detailbayarumum VALUES("862","133","350000","2018/2019-2","225");
INSERT INTO detailbayarumum VALUES("863","133","100000","2018/2019-2","226");
INSERT INTO detailbayarumum VALUES("864","133","200000","2018/2019-2","227");
INSERT INTO detailbayarumum VALUES("865","134","800000","2018/2019-2","222");
INSERT INTO detailbayarumum VALUES("866","134","1200000","2018/2019-2","223");
INSERT INTO detailbayarumum VALUES("867","134","100000","2018/2019-2","224");
INSERT INTO detailbayarumum VALUES("868","134","350000","2018/2019-2","225");
INSERT INTO detailbayarumum VALUES("869","134","100000","2018/2019-2","226");
INSERT INTO detailbayarumum VALUES("870","134","200000","2018/2019-2","227");
INSERT INTO detailbayarumum VALUES("871","135","800000","2018/2019-2","222");
INSERT INTO detailbayarumum VALUES("872","135","1200000","2018/2019-2","223");
INSERT INTO detailbayarumum VALUES("873","135","100000","2018/2019-2","224");
INSERT INTO detailbayarumum VALUES("874","135","350000","2018/2019-2","225");
INSERT INTO detailbayarumum VALUES("875","135","100000","2018/2019-2","226");
INSERT INTO detailbayarumum VALUES("876","135","200000","2018/2019-2","227");
INSERT INTO detailbayarumum VALUES("877","136","0","2018/2019-2","234");
INSERT INTO detailbayarumum VALUES("878","136","0","2018/2019-2","235");
INSERT INTO detailbayarumum VALUES("879","136","0","2018/2019-2","236");
INSERT INTO detailbayarumum VALUES("880","136","0","2018/2019-2","237");
INSERT INTO detailbayarumum VALUES("881","136","0","2018/2019-2","238");
INSERT INTO detailbayarumum VALUES("882","136","200000","2018/2019-2","239");
INSERT INTO detailbayarumum VALUES("883","136","5200000","2018/2019-2","240");
INSERT INTO detailbayarumum VALUES("884","137","0","2018/2019-2","234");
INSERT INTO detailbayarumum VALUES("885","137","0","2018/2019-2","235");
INSERT INTO detailbayarumum VALUES("886","137","0","2018/2019-2","236");
INSERT INTO detailbayarumum VALUES("887","137","0","2018/2019-2","237");
INSERT INTO detailbayarumum VALUES("888","137","0","2018/2019-2","238");
INSERT INTO detailbayarumum VALUES("889","137","200000","2018/2019-2","239");
INSERT INTO detailbayarumum VALUES("890","137","5200000","2018/2019-2","240");
INSERT INTO detailbayarumum VALUES("891","138","0","2018/2019-2","234");
INSERT INTO detailbayarumum VALUES("892","138","0","2018/2019-2","235");
INSERT INTO detailbayarumum VALUES("893","138","0","2018/2019-2","236");
INSERT INTO detailbayarumum VALUES("894","138","0","2018/2019-2","237");
INSERT INTO detailbayarumum VALUES("895","138","0","2018/2019-2","238");
INSERT INTO detailbayarumum VALUES("896","138","200000","2018/2019-2","239");
INSERT INTO detailbayarumum VALUES("897","138","5200000","2018/2019-2","240");
INSERT INTO detailbayarumum VALUES("898","139","800000","2018/2019-2","222");
INSERT INTO detailbayarumum VALUES("899","139","1200000","2018/2019-2","223");
INSERT INTO detailbayarumum VALUES("900","139","100000","2018/2019-2","224");
INSERT INTO detailbayarumum VALUES("901","139","350000","2018/2019-2","225");
INSERT INTO detailbayarumum VALUES("902","139","100000","2018/2019-2","226");
INSERT INTO detailbayarumum VALUES("903","139","200000","2018/2019-2","227");
INSERT INTO detailbayarumum VALUES("904","140","800000","2018/2019-2","222");
INSERT INTO detailbayarumum VALUES("905","140","1200000","2018/2019-2","223");
INSERT INTO detailbayarumum VALUES("906","140","100000","2018/2019-2","224");
INSERT INTO detailbayarumum VALUES("907","140","350000","2018/2019-2","225");
INSERT INTO detailbayarumum VALUES("908","140","100000","2018/2019-2","226");
INSERT INTO detailbayarumum VALUES("909","140","200000","2018/2019-2","227");
INSERT INTO detailbayarumum VALUES("910","142","800000","2018/2019-2","222");
INSERT INTO detailbayarumum VALUES("911","142","1200000","2018/2019-2","223");
INSERT INTO detailbayarumum VALUES("912","142","100000","2018/2019-2","224");
INSERT INTO detailbayarumum VALUES("913","142","350000","2018/2019-2","225");
INSERT INTO detailbayarumum VALUES("914","142","100000","2018/2019-2","226");
INSERT INTO detailbayarumum VALUES("915","142","200000","2018/2019-2","227");
INSERT INTO detailbayarumum VALUES("916","144","0","2018/2019-2","234");
INSERT INTO detailbayarumum VALUES("917","144","0","2018/2019-2","235");
INSERT INTO detailbayarumum VALUES("918","144","0","2018/2019-2","236");
INSERT INTO detailbayarumum VALUES("919","144","0","2018/2019-2","237");
INSERT INTO detailbayarumum VALUES("920","144","0","2018/2019-2","238");
INSERT INTO detailbayarumum VALUES("921","144","200000","2018/2019-2","239");
INSERT INTO detailbayarumum VALUES("922","144","5200000","2018/2019-2","240");
INSERT INTO detailbayarumum VALUES("923","145","800000","2018/2019-2","222");
INSERT INTO detailbayarumum VALUES("924","145","1200000","2018/2019-2","223");
INSERT INTO detailbayarumum VALUES("925","145","100000","2018/2019-2","224");
INSERT INTO detailbayarumum VALUES("926","145","350000","2018/2019-2","225");
INSERT INTO detailbayarumum VALUES("927","145","100000","2018/2019-2","226");
INSERT INTO detailbayarumum VALUES("928","145","200000","2018/2019-2","227");
INSERT INTO detailbayarumum VALUES("929","146","800000","2018/2019-2","222");
INSERT INTO detailbayarumum VALUES("930","146","1200000","2018/2019-2","223");
INSERT INTO detailbayarumum VALUES("931","146","100000","2018/2019-2","224");
INSERT INTO detailbayarumum VALUES("932","146","350000","2018/2019-2","225");
INSERT INTO detailbayarumum VALUES("933","146","100000","2018/2019-2","226");
INSERT INTO detailbayarumum VALUES("934","146","200000","2018/2019-2","227");
INSERT INTO detailbayarumum VALUES("935","147","800000","2018/2019-2","222");
INSERT INTO detailbayarumum VALUES("936","147","1200000","2018/2019-2","223");
INSERT INTO detailbayarumum VALUES("937","147","100000","2018/2019-2","224");
INSERT INTO detailbayarumum VALUES("938","147","350000","2018/2019-2","225");
INSERT INTO detailbayarumum VALUES("939","147","100000","2018/2019-2","226");
INSERT INTO detailbayarumum VALUES("940","147","200000","2018/2019-2","227");
INSERT INTO detailbayarumum VALUES("941","316","800000","2018/2019-2","222");
INSERT INTO detailbayarumum VALUES("942","316","1200000","2018/2019-2","223");
INSERT INTO detailbayarumum VALUES("943","316","100000","2018/2019-2","224");
INSERT INTO detailbayarumum VALUES("944","316","350000","2018/2019-2","225");
INSERT INTO detailbayarumum VALUES("945","316","100000","2018/2019-2","226");
INSERT INTO detailbayarumum VALUES("946","316","200000","2018/2019-2","227");
INSERT INTO detailbayarumum VALUES("947","233","800000","2018/2019-2","222");
INSERT INTO detailbayarumum VALUES("948","233","1200000","2018/2019-2","223");
INSERT INTO detailbayarumum VALUES("949","233","100000","2018/2019-2","224");
INSERT INTO detailbayarumum VALUES("950","233","350000","2018/2019-2","225");
INSERT INTO detailbayarumum VALUES("951","233","100000","2018/2019-2","226");
INSERT INTO detailbayarumum VALUES("952","233","200000","2018/2019-2","227");
INSERT INTO detailbayarumum VALUES("953","235","800000","2018/2019-2","222");
INSERT INTO detailbayarumum VALUES("954","235","1200000","2018/2019-2","223");
INSERT INTO detailbayarumum VALUES("955","235","100000","2018/2019-2","224");
INSERT INTO detailbayarumum VALUES("956","235","350000","2018/2019-2","225");
INSERT INTO detailbayarumum VALUES("957","235","100000","2018/2019-2","226");
INSERT INTO detailbayarumum VALUES("958","235","200000","2018/2019-2","227");
INSERT INTO detailbayarumum VALUES("959","236","800000","2018/2019-2","216");
INSERT INTO detailbayarumum VALUES("960","236","1200000","2018/2019-2","217");
INSERT INTO detailbayarumum VALUES("961","236","100000","2018/2019-2","218");
INSERT INTO detailbayarumum VALUES("962","236","350000","2018/2019-2","219");
INSERT INTO detailbayarumum VALUES("963","236","100000","2018/2019-2","220");
INSERT INTO detailbayarumum VALUES("964","236","200000","2018/2019-2","221");
INSERT INTO detailbayarumum VALUES("965","237","800000","2018/2019-2","222");
INSERT INTO detailbayarumum VALUES("966","237","1200000","2018/2019-2","223");
INSERT INTO detailbayarumum VALUES("967","237","100000","2018/2019-2","224");
INSERT INTO detailbayarumum VALUES("968","237","350000","2018/2019-2","225");
INSERT INTO detailbayarumum VALUES("969","237","100000","2018/2019-2","226");
INSERT INTO detailbayarumum VALUES("970","237","200000","2018/2019-2","227");
INSERT INTO detailbayarumum VALUES("971","238","800000","2018/2019-2","222");
INSERT INTO detailbayarumum VALUES("972","238","1200000","2018/2019-2","223");
INSERT INTO detailbayarumum VALUES("973","238","100000","2018/2019-2","224");
INSERT INTO detailbayarumum VALUES("974","238","350000","2018/2019-2","225");
INSERT INTO detailbayarumum VALUES("975","238","100000","2018/2019-2","226");
INSERT INTO detailbayarumum VALUES("976","238","200000","2018/2019-2","227");
INSERT INTO detailbayarumum VALUES("977","247","0","2018/2019-2","234");
INSERT INTO detailbayarumum VALUES("978","247","0","2018/2019-2","235");
INSERT INTO detailbayarumum VALUES("979","247","0","2018/2019-2","236");
INSERT INTO detailbayarumum VALUES("980","247","0","2018/2019-2","237");
INSERT INTO detailbayarumum VALUES("981","247","0","2018/2019-2","238");
INSERT INTO detailbayarumum VALUES("982","247","200000","2018/2019-2","239");
INSERT INTO detailbayarumum VALUES("983","247","5200000","2018/2019-2","240");
INSERT INTO detailbayarumum VALUES("984","250","0","2018/2019-2","234");
INSERT INTO detailbayarumum VALUES("985","250","0","2018/2019-2","235");
INSERT INTO detailbayarumum VALUES("986","250","0","2018/2019-2","236");
INSERT INTO detailbayarumum VALUES("987","250","0","2018/2019-2","237");
INSERT INTO detailbayarumum VALUES("988","250","0","2018/2019-2","238");
INSERT INTO detailbayarumum VALUES("989","250","200000","2018/2019-2","239");
INSERT INTO detailbayarumum VALUES("990","250","5200000","2018/2019-2","240");
INSERT INTO detailbayarumum VALUES("991","251","800000","2018/2019-2","222");
INSERT INTO detailbayarumum VALUES("992","251","1200000","2018/2019-2","223");
INSERT INTO detailbayarumum VALUES("993","251","100000","2018/2019-2","224");
INSERT INTO detailbayarumum VALUES("994","251","350000","2018/2019-2","225");
INSERT INTO detailbayarumum VALUES("995","251","100000","2018/2019-2","226");
INSERT INTO detailbayarumum VALUES("996","251","200000","2018/2019-2","227");
INSERT INTO detailbayarumum VALUES("997","252","800000","2018/2019-2","222");
INSERT INTO detailbayarumum VALUES("998","252","1200000","2018/2019-2","223");
INSERT INTO detailbayarumum VALUES("999","252","100000","2018/2019-2","224");
INSERT INTO detailbayarumum VALUES("1000","252","350000","2018/2019-2","225");
INSERT INTO detailbayarumum VALUES("1001","252","100000","2018/2019-2","226");
INSERT INTO detailbayarumum VALUES("1002","252","200000","2018/2019-2","227");
INSERT INTO detailbayarumum VALUES("1003","253","0","2018/2019-2","234");
INSERT INTO detailbayarumum VALUES("1004","253","0","2018/2019-2","235");
INSERT INTO detailbayarumum VALUES("1005","253","0","2018/2019-2","236");
INSERT INTO detailbayarumum VALUES("1006","253","0","2018/2019-2","237");
INSERT INTO detailbayarumum VALUES("1007","253","0","2018/2019-2","238");
INSERT INTO detailbayarumum VALUES("1008","253","200000","2018/2019-2","239");
INSERT INTO detailbayarumum VALUES("1009","253","5200000","2018/2019-2","240");
INSERT INTO detailbayarumum VALUES("1010","255","800000","2018/2019-2","222");
INSERT INTO detailbayarumum VALUES("1011","255","1200000","2018/2019-2","223");
INSERT INTO detailbayarumum VALUES("1012","255","100000","2018/2019-2","224");
INSERT INTO detailbayarumum VALUES("1013","255","350000","2018/2019-2","225");
INSERT INTO detailbayarumum VALUES("1014","255","100000","2018/2019-2","226");
INSERT INTO detailbayarumum VALUES("1015","255","200000","2018/2019-2","227");
INSERT INTO detailbayarumum VALUES("1016","256","800000","2018/2019-2","222");
INSERT INTO detailbayarumum VALUES("1017","256","1200000","2018/2019-2","223");
INSERT INTO detailbayarumum VALUES("1018","256","100000","2018/2019-2","224");
INSERT INTO detailbayarumum VALUES("1019","256","350000","2018/2019-2","225");
INSERT INTO detailbayarumum VALUES("1020","256","100000","2018/2019-2","226");
INSERT INTO detailbayarumum VALUES("1021","256","200000","2018/2019-2","227");
INSERT INTO detailbayarumum VALUES("1022","317","0","2018/2019-2","255");
INSERT INTO detailbayarumum VALUES("1023","317","0","2018/2019-2","256");
INSERT INTO detailbayarumum VALUES("1024","317","0","2018/2019-2","257");
INSERT INTO detailbayarumum VALUES("1025","317","0","2018/2019-2","258");
INSERT INTO detailbayarumum VALUES("1026","317","0","2018/2019-2","259");
INSERT INTO detailbayarumum VALUES("1027","317","200000","2018/2019-2","260");
INSERT INTO detailbayarumum VALUES("1028","317","5000000","2018/2019-2","261");



INSERT INTO detailbayarkhusus VALUES("1","39","0","2018/2019-2","113");
INSERT INTO detailbayarkhusus VALUES("2","39","0","2018/2019-2","114");
INSERT INTO detailbayarkhusus VALUES("3","39","0","2018/2019-2","115");
INSERT INTO detailbayarkhusus VALUES("4","39","0","2018/2019-2","116");
INSERT INTO detailbayarkhusus VALUES("5","39","0","2018/2019-2","117");
INSERT INTO detailbayarkhusus VALUES("6","39","0","2018/2019-2","118");
INSERT INTO detailbayarkhusus VALUES("7","39","0","2018/2019-2","119");
INSERT INTO detailbayarkhusus VALUES("8","39","0","2018/2019-2","120");
INSERT INTO detailbayarkhusus VALUES("9","39","0","2018/2019-2","121");
INSERT INTO detailbayarkhusus VALUES("10","39","215000","2018/2019-2","122");
INSERT INTO detailbayarkhusus VALUES("11","52","0","2018/2019-2","113");
INSERT INTO detailbayarkhusus VALUES("12","52","0","2018/2019-2","114");
INSERT INTO detailbayarkhusus VALUES("13","52","0","2018/2019-2","115");
INSERT INTO detailbayarkhusus VALUES("14","52","0","2018/2019-2","116");
INSERT INTO detailbayarkhusus VALUES("15","52","0","2018/2019-2","117");
INSERT INTO detailbayarkhusus VALUES("16","52","0","2018/2019-2","118");
INSERT INTO detailbayarkhusus VALUES("17","52","0","2018/2019-2","119");
INSERT INTO detailbayarkhusus VALUES("18","52","0","2018/2019-2","120");
INSERT INTO detailbayarkhusus VALUES("19","52","0","2018/2019-2","121");
INSERT INTO detailbayarkhusus VALUES("20","52","215000","2018/2019-2","122");
INSERT INTO detailbayarkhusus VALUES("21","131","0","2018/2019-2","113");
INSERT INTO detailbayarkhusus VALUES("22","131","0","2018/2019-2","114");
INSERT INTO detailbayarkhusus VALUES("23","131","0","2018/2019-2","115");
INSERT INTO detailbayarkhusus VALUES("24","131","0","2018/2019-2","116");
INSERT INTO detailbayarkhusus VALUES("25","131","0","2018/2019-2","117");
INSERT INTO detailbayarkhusus VALUES("26","131","0","2018/2019-2","118");
INSERT INTO detailbayarkhusus VALUES("27","131","0","2018/2019-2","119");
INSERT INTO detailbayarkhusus VALUES("28","131","0","2018/2019-2","120");
INSERT INTO detailbayarkhusus VALUES("29","131","0","2018/2019-2","121");
INSERT INTO detailbayarkhusus VALUES("30","131","215000","2018/2019-2","122");
INSERT INTO detailbayarkhusus VALUES("31","236","215000","2018/2019-2","122");
INSERT INTO detailbayarkhusus VALUES("32","47","215000","2018/2019-2","122");
INSERT INTO detailbayarkhusus VALUES("33","142","215000","2018/2019-2","122");
INSERT INTO detailbayarkhusus VALUES("34","106","215000","2018/2019-2","122");
INSERT INTO detailbayarkhusus VALUES("35","33","215000","2018/2019-2","122");
INSERT INTO detailbayarkhusus VALUES("36","44","215000","2018/2019-2","122");
INSERT INTO detailbayarkhusus VALUES("37","255","215000","2018/2019-2","122");
INSERT INTO detailbayarkhusus VALUES("38","235","215000","2018/2019-2","122");
INSERT INTO detailbayarkhusus VALUES("39","134","215000","2018/2019-2","122");
INSERT INTO detailbayarkhusus VALUES("40","252","215000","2018/2019-2","122");
INSERT INTO detailbayarkhusus VALUES("41","145","215000","2018/2019-2","122");
INSERT INTO detailbayarkhusus VALUES("42","133","215000","2018/2019-2","122");
INSERT INTO detailbayarkhusus VALUES("43","35","215000","2018/2019-2","122");
INSERT INTO detailbayarkhusus VALUES("44","32","215000","2018/2019-2","122");
INSERT INTO detailbayarkhusus VALUES("45","34","215000","2018/2019-2","122");
INSERT INTO detailbayarkhusus VALUES("46","31","215000","2018/2019-2","122");
INSERT INTO detailbayarkhusus VALUES("47","50","215000","2018/2019-2","122");
INSERT INTO detailbayarkhusus VALUES("48","233","215000","2018/2019-2","122");
INSERT INTO detailbayarkhusus VALUES("49","139","215000","2018/2019-2","122");
INSERT INTO detailbayarkhusus VALUES("50","83","215000","2018/2019-2","122");
INSERT INTO detailbayarkhusus VALUES("51","99","215000","2018/2019-2","122");
INSERT INTO detailbayarkhusus VALUES("52","316","215000","2018/2019-2","122");
INSERT INTO detailbayarkhusus VALUES("53","38","215000","2018/2019-2","122");
INSERT INTO detailbayarkhusus VALUES("54","127","215000","2018/2019-2","122");
INSERT INTO detailbayarkhusus VALUES("55","89","215000","2018/2019-2","122");
INSERT INTO detailbayarkhusus VALUES("56","238","215000","2018/2019-2","122");
INSERT INTO detailbayarkhusus VALUES("57","140","215000","2018/2019-2","122");
INSERT INTO detailbayarkhusus VALUES("58","42","215000","2018/2019-2","122");
INSERT INTO detailbayarkhusus VALUES("59","237","215000","2018/2019-2","122");
INSERT INTO detailbayarkhusus VALUES("60","29","215000","2018/2019-2","122");
INSERT INTO detailbayarkhusus VALUES("61","101","215000","2018/2019-2","122");
INSERT INTO detailbayarkhusus VALUES("62","119","0","2018/2019-2","113");
INSERT INTO detailbayarkhusus VALUES("63","119","0","2018/2019-2","114");
INSERT INTO detailbayarkhusus VALUES("64","119","0","2018/2019-2","115");
INSERT INTO detailbayarkhusus VALUES("65","119","0","2018/2019-2","116");
INSERT INTO detailbayarkhusus VALUES("66","119","0","2018/2019-2","117");
INSERT INTO detailbayarkhusus VALUES("67","119","0","2018/2019-2","118");
INSERT INTO detailbayarkhusus VALUES("68","119","0","2018/2019-2","119");
INSERT INTO detailbayarkhusus VALUES("69","119","0","2018/2019-2","120");
INSERT INTO detailbayarkhusus VALUES("70","119","0","2018/2019-2","121");
INSERT INTO detailbayarkhusus VALUES("71","119","215000","2018/2019-2","122");
INSERT INTO detailbayarkhusus VALUES("72","53","0","2018/2019-2","113");
INSERT INTO detailbayarkhusus VALUES("73","53","0","2018/2019-2","114");
INSERT INTO detailbayarkhusus VALUES("74","53","0","2018/2019-2","115");
INSERT INTO detailbayarkhusus VALUES("75","53","0","2018/2019-2","116");
INSERT INTO detailbayarkhusus VALUES("76","53","0","2018/2019-2","117");
INSERT INTO detailbayarkhusus VALUES("77","53","0","2018/2019-2","118");
INSERT INTO detailbayarkhusus VALUES("78","53","0","2018/2019-2","119");
INSERT INTO detailbayarkhusus VALUES("79","53","0","2018/2019-2","120");
INSERT INTO detailbayarkhusus VALUES("80","53","0","2018/2019-2","121");
INSERT INTO detailbayarkhusus VALUES("81","53","215000","2018/2019-2","122");
INSERT INTO detailbayarkhusus VALUES("82","119","0","2018/2019-2","113");
INSERT INTO detailbayarkhusus VALUES("83","119","0","2018/2019-2","114");
INSERT INTO detailbayarkhusus VALUES("84","119","0","2018/2019-2","115");
INSERT INTO detailbayarkhusus VALUES("85","119","0","2018/2019-2","116");
INSERT INTO detailbayarkhusus VALUES("86","119","0","2018/2019-2","117");
INSERT INTO detailbayarkhusus VALUES("87","119","0","2018/2019-2","118");
INSERT INTO detailbayarkhusus VALUES("88","119","0","2018/2019-2","119");
INSERT INTO detailbayarkhusus VALUES("89","119","0","2018/2019-2","120");
INSERT INTO detailbayarkhusus VALUES("90","119","0","2018/2019-2","121");
INSERT INTO detailbayarkhusus VALUES("91","119","215000","2018/2019-2","122");
INSERT INTO detailbayarkhusus VALUES("92","317","0","2018/2019-2","113");
INSERT INTO detailbayarkhusus VALUES("93","317","0","2018/2019-2","113");
INSERT INTO detailbayarkhusus VALUES("94","317","0","2018/2019-2","113");
INSERT INTO detailbayarkhusus VALUES("95","317","0","2018/2019-2","114");
INSERT INTO detailbayarkhusus VALUES("96","317","0","2018/2019-2","114");
INSERT INTO detailbayarkhusus VALUES("97","317","0","2018/2019-2","114");
INSERT INTO detailbayarkhusus VALUES("98","317","0","2018/2019-2","115");
INSERT INTO detailbayarkhusus VALUES("99","317","0","2018/2019-2","115");
INSERT INTO detailbayarkhusus VALUES("100","317","0","2018/2019-2","115");
INSERT INTO detailbayarkhusus VALUES("101","317","0","2018/2019-2","116");
INSERT INTO detailbayarkhusus VALUES("102","317","0","2018/2019-2","116");
INSERT INTO detailbayarkhusus VALUES("103","317","0","2018/2019-2","116");
INSERT INTO detailbayarkhusus VALUES("104","317","0","2018/2019-2","117");
INSERT INTO detailbayarkhusus VALUES("105","317","0","2018/2019-2","117");
INSERT INTO detailbayarkhusus VALUES("106","317","0","2018/2019-2","118");
INSERT INTO detailbayarkhusus VALUES("107","317","0","2018/2019-2","117");
INSERT INTO detailbayarkhusus VALUES("108","317","0","2018/2019-2","118");
INSERT INTO detailbayarkhusus VALUES("109","317","0","2018/2019-2","119");
INSERT INTO detailbayarkhusus VALUES("110","317","0","2018/2019-2","118");
INSERT INTO detailbayarkhusus VALUES("111","317","0","2018/2019-2","120");
INSERT INTO detailbayarkhusus VALUES("112","317","0","2018/2019-2","119");
INSERT INTO detailbayarkhusus VALUES("113","317","0","2018/2019-2","121");
INSERT INTO detailbayarkhusus VALUES("114","317","0","2018/2019-2","119");
INSERT INTO detailbayarkhusus VALUES("115","317","0","2018/2019-2","120");
INSERT INTO detailbayarkhusus VALUES("116","317","0","2018/2019-2","120");
INSERT INTO detailbayarkhusus VALUES("117","317","365000","2018/2019-2","122");
INSERT INTO detailbayarkhusus VALUES("118","317","0","2018/2019-2","121");
INSERT INTO detailbayarkhusus VALUES("119","317","0","2018/2019-2","121");
INSERT INTO detailbayarkhusus VALUES("120","317","365000","2018/2019-2","122");
INSERT INTO detailbayarkhusus VALUES("121","317","365000","2018/2019-2","122");
INSERT INTO detailbayarkhusus VALUES("122","317","0","2018/2019-2","113");
INSERT INTO detailbayarkhusus VALUES("123","317","0","2018/2019-2","114");
INSERT INTO detailbayarkhusus VALUES("124","317","0","2018/2019-2","115");
INSERT INTO detailbayarkhusus VALUES("125","317","0","2018/2019-2","116");
INSERT INTO detailbayarkhusus VALUES("126","317","0","2018/2019-2","117");
INSERT INTO detailbayarkhusus VALUES("127","317","0","2018/2019-2","118");
INSERT INTO detailbayarkhusus VALUES("128","317","0","2018/2019-2","119");
INSERT INTO detailbayarkhusus VALUES("129","317","0","2018/2019-2","120");
INSERT INTO detailbayarkhusus VALUES("130","317","0","2018/2019-2","121");
INSERT INTO detailbayarkhusus VALUES("131","317","365000","2018/2019-2","122");
INSERT INTO detailbayarkhusus VALUES("132","315","215000","2018/2019-2","122");
INSERT INTO detailbayarkhusus VALUES("133","79","215000","2018/2019-2","122");
INSERT INTO detailbayarkhusus VALUES("134","146","215000","2018/2019-2","122");
INSERT INTO detailbayarkhusus VALUES("135","147","215000","2018/2019-2","122");
INSERT INTO detailbayarkhusus VALUES("136","256","215000","2018/2019-2","122");
INSERT INTO detailbayarkhusus VALUES("137","251","215000","2018/2019-2","122");



INSERT INTO tahunakademik VALUES("20","2018/2019-2","Aktif");
INSERT INTO tahunakademik VALUES("21","2018/2019-1","Tidak Aktif");



INSERT INTO mahasiswa VALUES("18","201311003","Mohammad Ali Musyaki","2013","Jl. Pinus Arso 10","08","Aktif");
INSERT INTO mahasiswa VALUES("19","201311004","Candra Putra Wijaksana","2013","Jl. Protokol Arso 2","08","Aktif");
INSERT INTO mahasiswa VALUES("20","201311007","Gepat Tibul","2013","Asrama Libarang Padang Bulan","08","Aktif");
INSERT INTO mahasiswa VALUES("21","201311008","Ericzak Yusup Nussy","2013","jl. Nirwana No. 5 Dok V Atas","08","Aktif");
INSERT INTO mahasiswa VALUES("22","201311011","Agustina M. Uropmabin","2013","Waena","08","Aktif");
INSERT INTO mahasiswa VALUES("23","201311016","Yanuarius Kalakmabin","2013","Jln. Raya Sentani, KM. 31","08","Aktif");
INSERT INTO mahasiswa VALUES("25","201311019","Arifandy Tambijo","2013","Jln. Mandiri","08","Aktif");
INSERT INTO mahasiswa VALUES("29","201811001","Deni Malik","2018","Pemda1 No. 12 A","08","Aktif");
INSERT INTO mahasiswa VALUES("30","201811002","Andreas Steven Divino","2018C","Jl. Raya Abepura Entrop","08","Aktif");
INSERT INTO mahasiswa VALUES("31","201811003","Muhammad Akbar Alamin","2018","Belakang Pompa Bensin","08","Aktif");
INSERT INTO mahasiswa VALUES("32","201811004","Bagus Joko Susilo","2018","Jl. Diponegoro Aryoko","08","Aktif");
INSERT INTO mahasiswa VALUES("33","201811005","Ainun Mukhliza Mantu","2018","Komp. Kolam Buaya","08","Aktif");
INSERT INTO mahasiswa VALUES("34","201811006","Ahmad Farhan Maulana","2018","Jl. Hamadi Tanjung Atas","08","Aktif");
INSERT INTO mahasiswa VALUES("35","201811007","Muhammad Syahril","2018","Apo Bukit Barisan","08","Aktif");
INSERT INTO mahasiswa VALUES("36","201811008","Rahel Hendrah Tabuni","2018C","Jl. Jenderal Sudirman","08","Aktif");
INSERT INTO mahasiswa VALUES("37","201811009","Agustina Kristina Dewi Rontini","2018","Jl. Ampibi Hamadi No 20","08","Aktif");
INSERT INTO mahasiswa VALUES("38","201811010","Risaldi","2018","Jl. Koti Batu Putih Yarmok","08","Aktif");
INSERT INTO mahasiswa VALUES("39","201811011","Dimas Arisudana Kusdjon","2018","Perm. Jaya Asri Blok AH 21","08","Aktif");
INSERT INTO mahasiswa VALUES("40","201811012","Rebecha Briana Genongga","2018","Jl. Koramil Hawai Sentani","08","Aktif");
INSERT INTO mahasiswa VALUES("41","201311013","Priskila Kossay","2018","Jl. kehiran Sentani","08","Aktif");
INSERT INTO mahasiswa VALUES("42","201811014","Carolyn Gloria Arobaya","2018","Komp. RSUD Jayapura","08","Aktif");
INSERT INTO mahasiswa VALUES("43","201411015","Mesak Nawipa","2018","Kogenepa Paniai","08","Aktif");
INSERT INTO mahasiswa VALUES("44","201811016","Yemi Morib","2018","Papua","08","Aktif");
INSERT INTO mahasiswa VALUES("45","201811017","Jonny Mulait","2018","Jl. Kehiran Pasar Lama","08","Aktif");
INSERT INTO mahasiswa VALUES("46","201811018","Anderson Parkalinus Wamati","2018","Jl. Ayari Polimak II Karang","08","Aktif");
INSERT INTO mahasiswa VALUES("47","201811019","Beatris Guna Aran","2018","Batu Karang No. 71","08","Aktif");
INSERT INTO mahasiswa VALUES("48","201811020","Yenus Deal","2018","Jl. Sosial Sentani","08","Aktif");
INSERT INTO mahasiswa VALUES("49","201811021","Sri Ananda Yuliana","2018C","Jl. Kelapa II Entrop Rt 001","08","Aktif");
INSERT INTO mahasiswa VALUES("50","201811022","Desman Kean","2018","Jl. Dunlop Hawai Sentani","08","Aktif");
INSERT INTO mahasiswa VALUES("51","201811023","Fredy Tandiling","2018","Komp. Cu Ud 45","08","Aktif");
INSERT INTO mahasiswa VALUES("52","201811024","Blair Van Dayvid Ayhuan","2018","Argapura Resimen","08","Aktif");
INSERT INTO mahasiswa VALUES("53","201811025","Fatmah Risnah Yuti Reniwuryaan","2018","Komp. SD Impres Tanjung Ria","08","Aktif");
INSERT INTO mahasiswa VALUES("54","201311022","Hugo Reinhard Nukuboy","2013","Jl. Kamp. Netar","08","Aktif");
INSERT INTO mahasiswa VALUES("55","201311023","Bimo Irianto","2013","Jl. Kayu Batu Base G","08","Aktif");
INSERT INTO mahasiswa VALUES("56","201311027","Ilham Eka Toto Aspa","2013","Tanah Hitam","08","Aktif");
INSERT INTO mahasiswa VALUES("57","201311037","Jabar Malaiji","2013","Skyline","08","Aktif");
INSERT INTO mahasiswa VALUES("58","201311041","hery lay Lulu","2013","APO Bengkel","08","Aktif");
INSERT INTO mahasiswa VALUES("59","201311042","Kristin Klara Rumbiak","2013","Jl. Pemancar Polimak 1","08","Aktif");
INSERT INTO mahasiswa VALUES("60","201311043","Ignatius Sirwa","2013","Jl. Nenas Polimak 1","08","Aktif");
INSERT INTO mahasiswa VALUES("61","201311046","Frigath Ayomi","2013","Jl. Batu Putih Indah Polimak","08","Aktif");
INSERT INTO mahasiswa VALUES("62","201311049","Muhandis","2013","Aspol Kloofkamp","08","Aktif");
INSERT INTO mahasiswa VALUES("63","201311051","Hendrik Lazarus Luhi","2013","APO Tugu","08","Aktif");
INSERT INTO mahasiswa VALUES("64","201311065","Soeprapto Leonardo","2013","Kamp. Swakarya Bel. Aspol","08","Aktif");
INSERT INTO mahasiswa VALUES("65","201611010","Dian Syafitri","2016C","Entrop","08","Aktif");
INSERT INTO mahasiswa VALUES("66","201611011","Eda Iriyanti Duwila","2016","Jalan Abepura Entrop","08","Aktif");
INSERT INTO mahasiswa VALUES("67","201611012","Faisal Sumantri","2016","Jalan APO Bengkel Jayapura","08","Aktif");
INSERT INTO mahasiswa VALUES("68","201611019","Heryn Achmad Aryandi","2016","Jalan Baru Karang Polimak II","08","Aktif");
INSERT INTO mahasiswa VALUES("69","201611020","Ibrani Hartanto","2016C","Jalan APO Bengkel Jayapura","08","Aktif");
INSERT INTO mahasiswa VALUES("70","201611021","Immanuel Markus Demena","2016","Jalan Tanjung Ria Jayapura","08","Aktif");
INSERT INTO mahasiswa VALUES("71","201611023","Jeni Andarias Temba","2016","Koya","08","Aktif");
INSERT INTO mahasiswa VALUES("72","201611025","Liza Indriyani","2016C","Jl. Woroth Kali Acai No. 125","08","Aktif");
INSERT INTO mahasiswa VALUES("73","201611026","Meliani","2016","Jalan Hamadi Belakang","08","Aktif");
INSERT INTO mahasiswa VALUES("74","201611027","Milka Elsy Suitela","2016","Jalan Hamadi Rawa III","08","Aktif");
INSERT INTO mahasiswa VALUES("75","201611028","Muhamad Supriadi","2016C","Jalan Pemuda No. 80 B","08","Aktif");
INSERT INTO mahasiswa VALUES("76","201611029","Muhammad Said","2016C","Jalan Doyo Baru - Sentani","08","Aktif");
INSERT INTO mahasiswa VALUES("77","201611030","Muh. Sholehuddin","2016","Jl. Jeruk Nipis Blok L No. 274","08","Aktif");
INSERT INTO mahasiswa VALUES("78","201611033","Paskalis Itlay","2016","Jl. Perumnas IV Padang Bulan","08","Aktif");
INSERT INTO mahasiswa VALUES("79","201811026","Yurlita Padanun","2018","Jl. Kabupaten II Apo Kali","08","Aktif");
INSERT INTO mahasiswa VALUES("80","201611034","Paulisen Matu","2016","Jalan Dok IX Kali","08","Aktif");
INSERT INTO mahasiswa VALUES("81","201811027","Theis Philrb J. P. Rumbiak","2018","Jl. Kotaraja Dalam","08","Aktif");
INSERT INTO mahasiswa VALUES("82","201611035","Perndi Kupai","2016","Dok VIII Atas","08","Aktif");
INSERT INTO mahasiswa VALUES("83","201811028","Muhammad Raman","2018","Jl. Kelapa II Entrop","08","Aktif");
INSERT INTO mahasiswa VALUES("84","201811029","Aventus Jantu","2018C","Jl. Beringin Entrop","08","Aktif");
INSERT INTO mahasiswa VALUES("85","201611039","Syaiful Amri Achmad","2016C","Jl. Keerom No. 5 Dok VIII","08","Aktif");
INSERT INTO mahasiswa VALUES("86","201811030","Rosario Wantik","2018","Jl. Condronegoro Angkasa","08","Aktif");
INSERT INTO mahasiswa VALUES("87","201611040","Tadeus Bantuk","2016C","Jl. Beringin No. 5 Entrop","08","Aktif");
INSERT INTO mahasiswa VALUES("88","201611041","Yohanes Jehanu","2016C","Entrop","08","Aktif");
INSERT INTO mahasiswa VALUES("89","201811031","Daniel Cornelis Pesiwarissa","2018","Jl. Kayu Batu No. 50 A","08","Aktif");
INSERT INTO mahasiswa VALUES("90","201611045","Reynhard Gideon Pangurian","2016","Jalan Polimak III","08","Aktif");
INSERT INTO mahasiswa VALUES("91","201611047","Milka Sari Dewi","2016C","Jl. Abepantai Tanah Hitam","08","Aktif");
INSERT INTO mahasiswa VALUES("92","201611050","Rama Waay","2016","Perumnas III Abepura Waena","08","Aktif");
INSERT INTO mahasiswa VALUES("93","201811032","Daniel Dawir","2018","Jl. Tabita Pasar Baru","08","Aktif");
INSERT INTO mahasiswa VALUES("94","201611051","Steven Regen Lintjewas","2016","Jl. Pasifik Indah III Kompleks","08","Aktif");
INSERT INTO mahasiswa VALUES("95","201811033","Agustinus Saimar Tando","2018","Perumahan Permata Hijau","08","Aktif");
INSERT INTO mahasiswa VALUES("96","201611052","Yuligusmi Wijayanti","2016C","Jalan Hamadi Rawa II","08","Aktif");
INSERT INTO mahasiswa VALUES("97","201811034","Yerison Wako Wonda","2018","Jl. Buper Waena","08","Aktif");
INSERT INTO mahasiswa VALUES("98","201611053","Andhika Adjie Setiawan","2016C","Jl. Perintis I Kloofkamp","08","Aktif");
INSERT INTO mahasiswa VALUES("99","201811035","Muhamad Ardi","2018","Jl. Sumatra Dok IV","08","Aktif");
INSERT INTO mahasiswa VALUES("100","201611055","Beatha Kossay","2016","Jl. Padang Bulan","08","Aktif");
INSERT INTO mahasiswa VALUES("101","201811036","Shindu Seto Thiasin","2018","Jl. Wijayakusuma Arso I","08","Aktif");
INSERT INTO mahasiswa VALUES("102","201611059","Santos Hiskial Munua","2016","Jalan Dok IX Kali","08","Aktif");
INSERT INTO mahasiswa VALUES("103","201611060","Imanuel Hubertus Kowimbin","2016","Jl. Waena Perumnas III","08","Aktif");
INSERT INTO mahasiswa VALUES("104","201811037","Grendi Cecep Ariyanto","2018","Jl. Wijaya Kusuma Arso I","08","Aktif");
INSERT INTO mahasiswa VALUES("105","201611061","Rikal Mustiazy","2016C","Jl. Cempedak I Koya Timur","08","Aktif");
INSERT INTO mahasiswa VALUES("106","201811038","Jules Edison Agaki","2018","Jl. Kucai Hamadi","08","Aktif");
INSERT INTO mahasiswa VALUES("107","201611062","Rifna Anugrah Saputra","2016","Jalan Nuri, Tanah Hitam","08","Aktif");
INSERT INTO mahasiswa VALUES("108","201811039","Claudio Yoseph Saumen","2018C","Jl. SD Negeri I Abepura","08","Aktif");
INSERT INTO mahasiswa VALUES("109","201611064","Frisca Sealtiana Penny Ritan","2016C","Jalan Bucen II Entrop","08","Aktif");
INSERT INTO mahasiswa VALUES("110","201811040","Eliezer Apaseray","2018","Jl. Rambutan Polimak III","08","Aktif");
INSERT INTO mahasiswa VALUES("111","201611065","Rusdin Kogoya","2016","Jalan Skyline","08","Aktif");
INSERT INTO mahasiswa VALUES("112","201411041","Meteron Kogoya","2018","Expo Waena","08","Aktif");
INSERT INTO mahasiswa VALUES("113","201611066","Yehuda Dasinapa","2016","Perum KPR Organda","08","Aktif");
INSERT INTO mahasiswa VALUES("114","201611067","Ibrahim Ramli Renli Heipon","2016","Komp. Perumahan UNCEN","08","Aktif");
INSERT INTO mahasiswa VALUES("115","201611073","Roi David Luizter Halim","2016","Jl. Sungai Tami No. 2 A Dok VIII","08","Aktif");
INSERT INTO mahasiswa VALUES("116","201611074","Muhammad Hidayat","2016C","Jl. Cakalang Argapura","08","Aktif");
INSERT INTO mahasiswa VALUES("117","201611075","Muhammad Asslam Tatroman","2016C","Jl. Batu Karang Polimak II","08","Aktif");
INSERT INTO mahasiswa VALUES("118","201611077","Fachrul Islam","2016","Jalan Merak No. 1 Abepura","08","Aktif");
INSERT INTO mahasiswa VALUES("119","201811042","Andrian Pratomo Amor Dewantoro","2018","Jl. perintis I no 166","08","Aktif");
INSERT INTO mahasiswa VALUES("120","201611078","Richo T.B . Rumayomi","2016","Jalan Polimak II","08","Aktif");
INSERT INTO mahasiswa VALUES("121","201611081","Syahril Ridh Suryansyah","2016","Jalan Gurami No. 11 Arso III","08","Aktif");
INSERT INTO mahasiswa VALUES("122","201811043","Hasmillah Mursalim","2018","Jl.Tanjung Ria Dok IX","08","Aktif");
INSERT INTO mahasiswa VALUES("123","201811044","Ananda Surya Wicaksono","2018C","Jl. Nirwana I Angkasapura","08","Aktif");
INSERT INTO mahasiswa VALUES("124","201811045","Manuel Gombo","2018","Jl. Kasuari Perumnas III","08","Aktif");
INSERT INTO mahasiswa VALUES("125","201811046","Mareyke Kalasina Yawa","2018","Jl. Aspol SPN Tanjung Ria","08","Aktif");
INSERT INTO mahasiswa VALUES("126","201811047","Muhammad Nur Ismail","2018","Jl. Nuri Abepura","08","Aktif");
INSERT INTO mahasiswa VALUES("127","201811048","Eki Dani Erelak","2018","Jl. Buper Waena","08","Aktif");
INSERT INTO mahasiswa VALUES("128","201811049","Manuel Herman Way","2018","Jl. Manalagi Polimak II Asri","08","Aktif");
INSERT INTO mahasiswa VALUES("129","201811050","Semitera Wonda","2018","Dok VIII Atas","08","Aktif");
INSERT INTO mahasiswa VALUES("130","201811051","Marthinus Christovel Mansnandifoe","2018C","Apo Tugu","08","Aktif");
INSERT INTO mahasiswa VALUES("131","201811052","Greyschella Tandiara","2018","Jl. Pasifik Indah 1 No. 18","08","Aktif");
INSERT INTO mahasiswa VALUES("132","201811053","Yance Raubaba","2018","Dok IX Kali","08","Aktif");
INSERT INTO mahasiswa VALUES("133","201811054","Rifandi Akbar Ali","2018","Jl. Koti No. 15 Weref","08","Aktif");
INSERT INTO mahasiswa VALUES("134","201811055","Astiana Alut","2018","Jl. PEMDA Kloofkamp","08","Aktif");
INSERT INTO mahasiswa VALUES("135","201811056","Putri Edelweys Agusustiein Karoma","2018","Perum. Guru SD Negeri","08","Aktif");
INSERT INTO mahasiswa VALUES("136","201811057","Germina Yuni Ohee","2018C","Jl. Abepura Padang Bulan","08","Aktif");
INSERT INTO mahasiswa VALUES("137","201811058","Nini Robin Pege","2018C","Jl. Pantai Kelapa No. 50","08","Aktif");
INSERT INTO mahasiswa VALUES("138","201811059","Evendi Salipadang","2018C","Jl. Argapura Misi Hamadi","08","Aktif");
INSERT INTO mahasiswa VALUES("139","201811060","Syaldi Azrial Putra Perdana","2018","Jl. Koti Batu Putih Bawah","08","Aktif");
INSERT INTO mahasiswa VALUES("140","201811061","Andriano Kelanit","2018","Jl. Kesehatan 1 No.43","08","Aktif");
INSERT INTO mahasiswa VALUES("141","201811062","Tirza Irma Mayor","2018","Jl. Olah Raga No. 2 Jayapura","08","Aktif");
INSERT INTO mahasiswa VALUES("142","201811063","Hartina Florince Griapong","2018","Jl. Batu Putih Atas","08","Aktif");
INSERT INTO mahasiswa VALUES("143","201811064","Ardonyo M. K.Mampioper","2018","Jl. Kri Macan Tutul dok V","08","Aktif");
INSERT INTO mahasiswa VALUES("144","201811065","Ghozali","2018C","Jl. Aspol Deplat Kiri","08","Aktif");
INSERT INTO mahasiswa VALUES("145","201811066","Simison Meyoku","2018","Jl. Sosial Sentani","08","Aktif");
INSERT INTO mahasiswa VALUES("146","201811067","Nanda Rizky","2018","Jl. Perikanan Hamadi","08","Aktif");
INSERT INTO mahasiswa VALUES("147","201811068","Putri Anisa Meilani","2018","Jl. Bhayangkara 1 No. 34","08","Aktif");
INSERT INTO mahasiswa VALUES("148","201811070","Andhika Indra Putra Rimosan","2018","Jl. Pasifik Indahn II","08","Aktif");
INSERT INTO mahasiswa VALUES("149","201811071","Anselmus Dogomo","2018","Jl. Kamkey","08","Aktif");
INSERT INTO mahasiswa VALUES("150","201811072","Syarif Tokoro","2018","Jl. Kehiran Sentani","08","Aktif");
INSERT INTO mahasiswa VALUES("151","201811074","Muhammad Hidayat","2018","Jl. Cakalang Argapura","08","Aktif");
INSERT INTO mahasiswa VALUES("152","201811075","Muhammad Asslam Tatroman","2018","Jalan Baru Karang Polimak II","08","Aktif");
INSERT INTO mahasiswa VALUES("153","201811076","Muhammad Irwan","2018","Jl. Tanah Hitam","08","Aktif");
INSERT INTO mahasiswa VALUES("154","201611077","Fachrul Islam","2016","Jl. Merak No 1 Abepura","08","Aktif");
INSERT INTO mahasiswa VALUES("155","201611078","Richo T. B. Rumayomi","2016","Jl. Polimak II","08","Aktif");
INSERT INTO mahasiswa VALUES("156","201611079","Vebrianty Timothy Tandi Tulak","2018","Jln. Raya kemiri Sentani","08","Aktif");
INSERT INTO mahasiswa VALUES("157","201611080","Freddy O. Termas","2016","Jl. Merauke No.25 Abepura","08","Aktif");
INSERT INTO mahasiswa VALUES("158","201611081","Syahril Ridh Suryansyah","2016","Jl. Gurami No.11 Arso III","08","Aktif");
INSERT INTO mahasiswa VALUES("159","201611082","Agustinus Komber","2016","Jalan Kayu Batu","08","Aktif");
INSERT INTO mahasiswa VALUES("160","201611083","Hasrul","2016","Jl. Kantor Lurah Hamadi","08","Aktif");
INSERT INTO mahasiswa VALUES("161","201711001","Rosalia Alfonsina Wakdomi","2017","Argapura Santarosa","08","Aktif");
INSERT INTO mahasiswa VALUES("162","201711002","Yomi Wonda","2017","Argapura Santarosa","08","Aktif");
INSERT INTO mahasiswa VALUES("163","201711003","Alon Giban","2017","Abepantai","08","Aktif");
INSERT INTO mahasiswa VALUES("164","201711004","Nimbrot Logo","2017","Entrop Jaya Asri","08","Aktif");
INSERT INTO mahasiswa VALUES("165","201711005","Nuwefa Agus Edward Piahar","2017","Kotaraja Kel. VIM","08","Aktif");
INSERT INTO mahasiswa VALUES("166","201711006","Yustinus Mabel","2017","Jl. Tanah Hitam Abepura","08","Aktif");
INSERT INTO mahasiswa VALUES("167","201711007","Yanwar Indra Pabuntang","2017","Permata Indah","08","Aktif");
INSERT INTO mahasiswa VALUES("168","201711008","Hafidz Firman Filli","2017","Jl. Baru Tobati RT. 007","08","Aktif");
INSERT INTO mahasiswa VALUES("169","201711009","Serli Friskila Norotouw","2017","Ardipura IV Polimak","08","Aktif");
INSERT INTO mahasiswa VALUES("170","201711010","Andi Ringnga","2017","BTN Al Entrop","08","Aktif");
INSERT INTO mahasiswa VALUES("171","201711011","Timison Wonda","2017","Jl. Sosial Sentani","08","Aktif");
INSERT INTO mahasiswa VALUES("172","201711012","Evan Nico Febrynando Afasedanya","2017","Jl. Tanjung Ria Base-G","08","Aktif");
INSERT INTO mahasiswa VALUES("173","201711013","Hana Rina Maryen","2017","Ardipura I Polimak","08","Aktif");
INSERT INTO mahasiswa VALUES("174","201711014","Kiniron Morib","2017","Dok vIII Atas","08","Aktif");
INSERT INTO mahasiswa VALUES("175","201711015","Lisa Wonda","2017","Waena Prumnas II","08","Aktif");
INSERT INTO mahasiswa VALUES("176","201711016","Yanti Magrice Jewun","2017","Perumahan BTN Organda","08","Aktif");
INSERT INTO mahasiswa VALUES("177","201711017","Herlan Prasetya","2017","Jl. Samratulangi Dok  V Atas","08","Aktif");
INSERT INTO mahasiswa VALUES("178","201711018","Worren C. T. W. Sianturi","2017","Perum Polda Blok F No. 18","08","Aktif");
INSERT INTO mahasiswa VALUES("179","201711019","Neti Pither","2017","Perumahan Kodim 1701","08","Aktif");
INSERT INTO mahasiswa VALUES("180","201711020","Rahmat Hidayatullah","2017","Kotaraja Furia Jalur 6","08","Aktif");
INSERT INTO mahasiswa VALUES("181","201711021","Fauzan Maulana Jordan Lestaluhu","2017","Jl. Ahmad Yani Belakang","08","Aktif");
INSERT INTO mahasiswa VALUES("182","201711022","Agatha Mahardhika","2017","Perumnas IV Padang Bulan","08","Aktif");
INSERT INTO mahasiswa VALUES("183","201711023","Sherif Aji Wicaksono","2017","Asrama Pomdam Dok II","08","Aktif");
INSERT INTO mahasiswa VALUES("184","201711024","Alfaris Salam Renyaan","2017","Jl. Soa Siu Dok V Bawah","08","Aktif");
INSERT INTO mahasiswa VALUES("185","201711025","Yohanis Rattang Kala\'padang","2017","Jl. Perumahan Polda Buper","08","Aktif");
INSERT INTO mahasiswa VALUES("186","201711026","Nefranto Yiqibalom","2017","Perumnas III Waena","08","Aktif");
INSERT INTO mahasiswa VALUES("187","201711027","Nurhaida","2017","Jl. Tanjung Ria Dok 9","08","Aktif");
INSERT INTO mahasiswa VALUES("188","201711027","Dan Yando","2017","BTN Sentani","08","Aktif");
INSERT INTO mahasiswa VALUES("189","201711029","Karunia Austria Eleuyaan","2017","Jl. Megapura Skyline Komp","08","Aktif");
INSERT INTO mahasiswa VALUES("190","201711030","Godenfridus Jeharu","2017","Jl. Amphibi Bo. 33 Hamadi","08","Aktif");
INSERT INTO mahasiswa VALUES("191","201711031","Agustinus Fredrik Wambrauw","2017","Jl. Gajah Putih","08","Aktif");
INSERT INTO mahasiswa VALUES("192","201711032","Napipa","2017","Jl. Olahraga No 3 Paldam","08","Aktif");
INSERT INTO mahasiswa VALUES("193","201711033","Yusuf U. Bawi","2017","Jl. Pasar Baru Youtefa","08","Aktif");
INSERT INTO mahasiswa VALUES("194","201711034","Jhona Rezky Aldian Putra Buli","2017","Jl. Raya Abepura Entrop","08","Aktif");
INSERT INTO mahasiswa VALUES("195","201711035","Fauzan Syahbudin","2017C","Dok IV","08","Aktif");
INSERT INTO mahasiswa VALUES("196","201711036","Nur Syarif","2017C","Kamp. Koya Koso RT. 04","08","Aktif");
INSERT INTO mahasiswa VALUES("197","201711037","Marlina Anwar","2017","Jl. Tanjung Ria Dok IX","08","Aktif");
INSERT INTO mahasiswa VALUES("198","201711038","Eka Hendi Madona Siregar","2017C","Jl. Argapura Entrop","08","Aktif");
INSERT INTO mahasiswa VALUES("199","201711039","Triyanti Kusumawardani","2017","Jl. Dukun No.53","08","Aktif");
INSERT INTO mahasiswa VALUES("200","201711040","Kornelia Malo","2017","Bucen II entrop","08","Aktif");
INSERT INTO mahasiswa VALUES("201","201711041","Muchammad Chusni Mubarak","2017C","Komp. Perumahan BTN","08","Aktif");
INSERT INTO mahasiswa VALUES("202","201711042","Dwi Putra Prasetya","2017C","Jl. Kelapa II Entrop","08","Aktif");
INSERT INTO mahasiswa VALUES("203","201711043","Agus Supriyo","2017","Perum. Puri Tanah Hitam","08","Aktif");
INSERT INTO mahasiswa VALUES("204","201711044","Indra Stanley Frits","2017","Jl Bakum Belakang PLTD","08","Aktif");
INSERT INTO mahasiswa VALUES("205","201711045","Herry Desrian Inuhan","2017C","Jl. Tanjung Ria No 15 E","08","Aktif");
INSERT INTO mahasiswa VALUES("206","201711046","Ilham","2017","Jl. Kabupaten Apo","08","Aktif");
INSERT INTO mahasiswa VALUES("207","201711047","Roby Sampe","2017C","Hamadi ampibi Jayapura","08","Aktif");
INSERT INTO mahasiswa VALUES("208","201711048","Destia Muttakharoh Imro\'atun","2017","Komp. Angkatan Laut","08","Aktif");
INSERT INTO mahasiswa VALUES("209","201711049","Apriono","2017C","Kotaraja Bucend IV","08","Aktif");
INSERT INTO mahasiswa VALUES("210","201711050","Chelvin Putra Irianto","2017","Jl. Agats No 41 Dok V Bawah","08","Aktif");
INSERT INTO mahasiswa VALUES("211","201711051","Marthen Elias Numberi","2017","Jl. Ardipura I  No.33","08","Aktif");
INSERT INTO mahasiswa VALUES("212","201711052","Sutrisno","2017C","Jl.  Jaya Asri","08","Aktif");
INSERT INTO mahasiswa VALUES("213","201711053","Arbilyano A. Monim","2017","Jl. Yahim Btn Sentani","08","Aktif");
INSERT INTO mahasiswa VALUES("214","201711054","Freky Fredy Paat","2017","Jl. Kuburan Umum Sentani","08","Aktif");
INSERT INTO mahasiswa VALUES("215","201711055","Aliranggen Kogoya","2017","Perumnas III","08","Aktif");
INSERT INTO mahasiswa VALUES("216","201711056","Nurjannah","2017","Jl. Diponegoro No. B 02","08","Aktif");
INSERT INTO mahasiswa VALUES("217","201711057","Eliana Melani Breiram","2017","Perumnas IV Blok A. 111","08","Aktif");
INSERT INTO mahasiswa VALUES("218","201711058","Oktovianus Breiram","2017","Jl. Waena Kampung","08","Aktif");
INSERT INTO mahasiswa VALUES("219","201711059","Venezuela Regina Joshina Hokoyoku","2017","Jl. Raya  Sentani","08","Aktif");
INSERT INTO mahasiswa VALUES("220","201711060","Imanuel Jen Love Paiki","2017","Polimak II Asri","08","Aktif");
INSERT INTO mahasiswa VALUES("221","201711061","Paskalis Agapa","2017","Perumnas III Waena","08","Aktif");
INSERT INTO mahasiswa VALUES("222","201711062","Timothy Dalton","2017","Jl. Pasifik Indah III Pasir II","08","Aktif");
INSERT INTO mahasiswa VALUES("223","201711063","Aser Tukaso","2017","Jl. Batu Putih","08","Aktif");
INSERT INTO mahasiswa VALUES("224","201711064","Asty Lepong","2017","Jl. Woroth Belakang","08","Aktif");
INSERT INTO mahasiswa VALUES("225","201711065","Khairunnisa","2017","Jl. Jayawijaya No. 335","08","Aktif");
INSERT INTO mahasiswa VALUES("226","201711066","Wa Murtini","2017","Jl. Kampung Ambon","08","Aktif");
INSERT INTO mahasiswa VALUES("227","201711067","Rochim Kurmawan","2017","Perumnas II Waena","08","Aktif");
INSERT INTO mahasiswa VALUES("228","201711068","Leonardus Manihuruk","2017","Polimak II Batu Karang","08","Aktif");
INSERT INTO mahasiswa VALUES("229","201511001","Heidy Anjelica Rumpaisum","2015","Jl. Ardipura I Polimak 1","08","Aktif");
INSERT INTO mahasiswa VALUES("230","201711069","Fadly Ramadan Iriyanto","2017","Ardipura I","08","Aktif");
INSERT INTO mahasiswa VALUES("231","201511002","Hamzah","2015C","Hamadi Rawa I","08","Aktif");
INSERT INTO mahasiswa VALUES("232","201811073","Rode Delila Meop","2017","Jl. Padang Bulan","08","Aktif");
INSERT INTO mahasiswa VALUES("233","201811074","Leonardus Ellya Rizki Rizkiyanto","2018","Jl. Dok II Bawah Asrama Pom","08","Aktif");
INSERT INTO mahasiswa VALUES("234","201811075","Agus Yakobus Jikwa","2018","Jl. Toladan Ifar Gunung","08","Aktif");
INSERT INTO mahasiswa VALUES("235","201811076","Okto Kalakmabin","2018","Hamadi","08","Aktif");
INSERT INTO mahasiswa VALUES("236","201811077","Zia Fadzillah","2017","Jl. Batu Karang Polimak","08","Aktif");
INSERT INTO mahasiswa VALUES("237","201811078","Leonardus Stenly Aruri","2018","Polimak III","08","Aktif");
INSERT INTO mahasiswa VALUES("238","201811079","Paskalino Melgibson Robaha","2018","Jl. Sulawesi Dok 9 Kali","08","Aktif");
INSERT INTO mahasiswa VALUES("239","201511003","Ida Irjayanti","2015","Jl. Perintis 1 Kloofkamp","08","Aktif");
INSERT INTO mahasiswa VALUES("240","201811080","Melianus Mote","2018","Jl. Baru Argapura Gunung","08","Aktif");
INSERT INTO mahasiswa VALUES("241","201511006","Fajar Faldiansyah","2015","Jl Raya Abepantai","08","Aktif");
INSERT INTO mahasiswa VALUES("242","201511008","Amdis Yalak","2015","Sentani","08","Aktif");
INSERT INTO mahasiswa VALUES("243","201511010","Emis Wenda","2015","Pemda II","08","Aktif");
INSERT INTO mahasiswa VALUES("244","201511017","Heri Prasetyo","2015","Aspol SPN Base G Jayapura","08","Aktif");
INSERT INTO mahasiswa VALUES("245","201511018","Mazmur Agung Pustap","2015","BTN Skyline Indah Blok E","08","Aktif");
INSERT INTO mahasiswa VALUES("247","201811081","Darma Linda Bu\'Tu allo","2018C","Jl. Caravan Sentani","08","Aktif");
INSERT INTO mahasiswa VALUES("248","201511021","Tirana O. C. Tandi Tulak","2015","Jl. Kemiri Sentani","08","Aktif");
INSERT INTO mahasiswa VALUES("249","201811082","Andika Hero Prasetya","2018C","Jl, Perumahan Permata","08","Aktif");
INSERT INTO mahasiswa VALUES("250","201811083","Cornelia Wasti","2018C","Jl. Gerilyawan No. 12","08","Aktif");
INSERT INTO mahasiswa VALUES("251","201811084","Rizki Radial","2018","Jl. Bosnik BTN Wemoni","08","Aktif");
INSERT INTO mahasiswa VALUES("252","201811085","Marthen Luther Scath M. Seseray","2018","Jl. APO Tugu Bengkel","08","Aktif");
INSERT INTO mahasiswa VALUES("253","201811086","Mansur Tholib","2018C","Jl. Entrop Samping Hotel","08","Aktif");
INSERT INTO mahasiswa VALUES("254","201811087","Stefanus Uropmabin","2018","Jl. Matoa Sentani","08","Aktif");
INSERT INTO mahasiswa VALUES("255","201811088","Cristine Wally","2018","Jl. Caravan No 64 Sentani","08","Aktif");
INSERT INTO mahasiswa VALUES("256","201811089","Savio Hans Adryan","2018","Jl. Raya sentani abepura","08","Aktif");
INSERT INTO mahasiswa VALUES("257","201511024","Yulianus Bobii","2015","Pasir II Perumahan","08","Aktif");
INSERT INTO mahasiswa VALUES("258","201811090","Raymondus Robertus Rahanteen","2018","Jl. arso Kota","08","Aktif");
INSERT INTO mahasiswa VALUES("259","201511025","Aming Anjas A. Pamungkas","2015","Jl. Sentani Belakang","08","Aktif");
INSERT INTO mahasiswa VALUES("260","201511027","Mario R. Dasvordatte","2015","Jl. Trikora Dok V Atas","08","Aktif");
INSERT INTO mahasiswa VALUES("261","201511028","Yulce Antomina Reba","2015","Kotaraja Dalam","08","Aktif");
INSERT INTO mahasiswa VALUES("262","201511033","Imanuel W. Yaboisembut","2015","Kotaraja Dalam","08","Aktif");
INSERT INTO mahasiswa VALUES("263","201511034","R. J. Kingstown Guenea Pembayun","2015","Jl. Kayu Batu Base G Tanjung","08","Aktif");
INSERT INTO mahasiswa VALUES("264","201511036","La Ode Abdul Abbas","2015","Jl. Kampung Buton","08","Aktif");
INSERT INTO mahasiswa VALUES("265","201511037","Wael Metlama","2015","Perumnas III","08","Aktif");
INSERT INTO mahasiswa VALUES("266","201511039","Kurnia Dinda Lestari","2015","Perum. Kodam No. 49","08","Aktif");
INSERT INTO mahasiswa VALUES("267","201511040","Irius Wakur","2015","Kotaraja Luar","08","Aktif");
INSERT INTO mahasiswa VALUES("268","201511019","Rivaldy Sampe","2015","Jl. Setiapura No. 94 Paldam","08","Aktif");
INSERT INTO mahasiswa VALUES("269","201511042","Satya Bakti","2015","Jl. Bakau Dok IX Bawah","08","Aktif");
INSERT INTO mahasiswa VALUES("270","201511043","Hildawati Umar","2015","Jl. Hawai Taman Bunga","08","Aktif");
INSERT INTO mahasiswa VALUES("271","201511044","Iin Wijayanti","2015","BTN Maos Permai Sentani","08","Aktif");
INSERT INTO mahasiswa VALUES("272","201511047","Herson Patulak","2015","Jl. Pegunungan Salju","08","Aktif");
INSERT INTO mahasiswa VALUES("273","201511049","Agustinus Yogi","2015","Ardipura","08","Aktif");
INSERT INTO mahasiswa VALUES("274","201511050","Dickson Alfiando Kemesrar","2015","Jl. Paldam","08","Aktif");
INSERT INTO mahasiswa VALUES("275","201511051","Evi Rusdiyanti","2015C","Dok 5 Bawah","08","Aktif");
INSERT INTO mahasiswa VALUES("276","201511054","Evrin Aturut","2015C","Santarosa","08","Aktif");
INSERT INTO mahasiswa VALUES("277","201511058","Angger Teja Bhaskoro","2015","Bhayangkara I No. 56","08","Aktif");
INSERT INTO mahasiswa VALUES("278","201511059","Firman Latif R.","2015","Jl. Pertambangan Furia 182","08","Aktif");
INSERT INTO mahasiswa VALUES("279","201511060","Amin Rais","2015","Jl. Nuri Kamkey Abepura","08","Aktif");
INSERT INTO mahasiswa VALUES("280","201511064","Yunus Hendrik Kelen","2015","Jl. Pemuda Kloofkamp","08","Aktif");
INSERT INTO mahasiswa VALUES("281","201511067","Reny Dewi Kartika","2015C","Jl. Kabupaten APO Kali RT 2","08","Aktif");
INSERT INTO mahasiswa VALUES("282","201511068","Muhammad Murdani","2015C","Jl. Kelapa Dua Entrop","08","Aktif");
INSERT INTO mahasiswa VALUES("283","201511069","Setyo Budi Rustanto","2015C","Abepura Jl. Sorong No. 5","08","Aktif");
INSERT INTO mahasiswa VALUES("284","201511070","Hasmina","2015C","Jl. Nangka Kodam Lama","08","Aktif");
INSERT INTO mahasiswa VALUES("285","201511071","Adytama Siahaan","2015C","Jl. Perwakilan No. 17 Dok V","08","Aktif");
INSERT INTO mahasiswa VALUES("286","201511072","Melda Y. Mandagi","2015C","Argapura Hotel Agung","08","Aktif");
INSERT INTO mahasiswa VALUES("287","201511074","Kristoval Raimon Lahallo","2015C","Jl. Polimak II Batu Karang","08","Aktif");
INSERT INTO mahasiswa VALUES("288","201511076","Dedy Pamean","2015C","Jl. Pasifik Indah I No. 15 Pasir","08","Aktif");
INSERT INTO mahasiswa VALUES("289","201511077","Irianto Marthen Pakondo","2015C","Jl. Kehiran No. 17 Sentani","08","Aktif");
INSERT INTO mahasiswa VALUES("290","201511079","Julius Sirait","2015","Jl. Beringin Entrop, Graha","08","Aktif");
INSERT INTO mahasiswa VALUES("291","201511082","Ismawati Tjare","2015C","BTN Lembah Furia Jalur 1","08","Aktif");
INSERT INTO mahasiswa VALUES("292","201511083","Simon Sapan Sampebua","2015C","Youmokhe Pasar Baru","08","Aktif");
INSERT INTO mahasiswa VALUES("293","201511087","Fernandez Feliks Warmetan","2015C","Komp. Pend. Kristen","08","Aktif");
INSERT INTO mahasiswa VALUES("294","201511088","Antonius Febrian","2015","ASPOL Dok VIII Atas Jl. Kapal","08","Aktif");
INSERT INTO mahasiswa VALUES("295","201511092","Antonius Sina","2015C","Jl. Baru Youtefa","08","Aktif");
INSERT INTO mahasiswa VALUES("296","201511097","Witono","2015C","Jl. Hamadi Pasar RT 05 / RW","08","Aktif");
INSERT INTO mahasiswa VALUES("297","201511098","Niken Mustika Sari","2015","Asrama Kodam Lama","08","Aktif");
INSERT INTO mahasiswa VALUES("298","201511099","Yoseph Kungkung","2015","Perum. Permata Indah","08","Aktif");
INSERT INTO mahasiswa VALUES("299","201411029","Muhammad Fauzy","2014","Sentani","08","Aktif");
INSERT INTO mahasiswa VALUES("300","201411033","Robertoh A. Nusmese","2014","Jl. Baru Kotaraja","08","Aktif");
INSERT INTO mahasiswa VALUES("301","201411036","Yohanes K. Yigibalom","2014","Jaya Asri Entrop","08","Aktif");
INSERT INTO mahasiswa VALUES("302","201411037","Yosias Nawipa","2014","Kotaraja Dalam","08","Aktif");
INSERT INTO mahasiswa VALUES("303","201411047","Duri Sumanto","2014C","Kotaraja Puskopad Abepura","08","Aktif");
INSERT INTO mahasiswa VALUES("304","201411050","Noberti C. P. Tambay","2014C","Jl. Kodam Baru Ardipura III","08","Aktif");
INSERT INTO mahasiswa VALUES("305","201411054","Rusdiah","2014C","Jl. Pasifik Indah III No. 51 Pasir Dua Komp KUA Jayapura Utara","08","Aktif");
INSERT INTO mahasiswa VALUES("306","201411056","Wellem S. Demetou","2014","Jl. Manokwari Abepura","08","Aktif");
INSERT INTO mahasiswa VALUES("307","201411065","Soter May","2014","Jl. Sumber Air 1 No. 9 Entrop","08","Aktif");
INSERT INTO mahasiswa VALUES("308","201411071","Monita Sari","2014","Waena","08","Aktif");
INSERT INTO mahasiswa VALUES("309","201411077","Siprianus Jak","2014C","Bucen Dua","08","Aktif");
INSERT INTO mahasiswa VALUES("310","201411079","Arfira Gladies Merryska Tabaru","2014","Jl. Soa Siu Dok V Bawah Jayapura Utara","08","Aktif");
INSERT INTO mahasiswa VALUES("311","201411080","Wahyu Shidiq A. Prakoso","2014","Kompleks Karantina Grans Entrop","08","Aktif");
INSERT INTO mahasiswa VALUES("312","201411087","Jeanny Gabriella S.","2014","Bhayangkara II","08","Aktif");
INSERT INTO mahasiswa VALUES("313","201511025","Aming Anjas A. Pamungkas","2014","Jl. Raya Sentani Belakang Koramil","08","Aktif");
INSERT INTO mahasiswa VALUES("314","201611071","Yohanes Kombado","2016","Jl. Kagi-Kagite No. 46 RT/RW 001/001 Workwana Arso","08","Aktif");
INSERT INTO mahasiswa VALUES("315","201811015","Mesak Nawipa","2018","Kogenepa Paniai","08","Aktif");
INSERT INTO mahasiswa VALUES("316","201811069","Muhammad Oky Risaldi","2018","Kompleks Pasar Kelapa Dua Entrop","08","Aktif");
INSERT INTO mahasiswa VALUES("317","201611069","JOHANNES DANIEL RUFF","2016C","JL. SUNGAI MEMBERAMO NO. 2 DOK 8","08","Aktif");



INSERT INTO user VALUES("2","Admin","BFD6EE590572973B8386507324DF1854","Administrator","Admin","Admin@gmail.com","Aktif");
INSERT INTO user VALUES("23","hasmi01","ac20a86151bb896d10e636a0a91696fa","Pendataan","Hasmiati Mursalim, S.Si","hasmi01@gmail.com","Aktif");
INSERT INTO user VALUES("24","budi01","ac20a86151bb896d10e636a0a91696fa","Puket III","Budi","budi01@gmail.com","Aktif");
INSERT INTO user VALUES("25","handa01","ac20a86151bb896d10e636a0a91696fa","Pembayaran","Handayani","handa01@gmail.com","Tidak Aktif");
INSERT INTO user VALUES("26","jim01","ac20a86151bb896d10e636a0a91696fa","Ketua","Jim Lahallo","jim@gmail.com","Tidak Aktif");
INSERT INTO user VALUES("27","yani01","ac20a86151bb896d10e636a0a91696fa","Pendataan","Handayani II","yani01@gmail.com","Aktif");



INSERT INTO detailbayar VALUES("1","2018/2019-2","4065000","29");
INSERT INTO detailbayar VALUES("2","2018/2019-2","1545000","18");
INSERT INTO detailbayar VALUES("3","2018/2019-2","1545000","19");
INSERT INTO detailbayar VALUES("4","2018/2019-2","1545000","20");
INSERT INTO detailbayar VALUES("5","2018/2019-2","1545000","21");
INSERT INTO detailbayar VALUES("6","2018/2019-2","2185000","22");
INSERT INTO detailbayar VALUES("7","2018/2019-2","1545000","23");
INSERT INTO detailbayar VALUES("8","2018/2019-2","1545000","25");
INSERT INTO detailbayar VALUES("9","2018/2019-2","2485000","55");
INSERT INTO detailbayar VALUES("10","2018/2019-2","1545000","56");
INSERT INTO detailbayar VALUES("11","2018/2019-2","2065000","60");
INSERT INTO detailbayar VALUES("12","2018/2019-2","1715000","299");
INSERT INTO detailbayar VALUES("13","2018/2019-2","2105000","300");
INSERT INTO detailbayar VALUES("14","2018/2019-2","1715000","301");
INSERT INTO detailbayar VALUES("15","2018/2019-2","1715000","302");
INSERT INTO detailbayar VALUES("16","2018/2019-2","1715000","306");
INSERT INTO detailbayar VALUES("17","2018/2019-2","1965000","307");
INSERT INTO detailbayar VALUES("18","2018/2019-2","2215000","308");
INSERT INTO detailbayar VALUES("19","2018/2019-2","2775000","310");
INSERT INTO detailbayar VALUES("20","2018/2019-2","1715000","311");
INSERT INTO detailbayar VALUES("21","2018/2019-2","1715000","312");
INSERT INTO detailbayar VALUES("22","2018/2019-2","2262500","229");
INSERT INTO detailbayar VALUES("23","2018/2019-2","1982500","239");
INSERT INTO detailbayar VALUES("24","2018/2019-2","1982500","241");
INSERT INTO detailbayar VALUES("25","2018/2019-2","2772500","242");
INSERT INTO detailbayar VALUES("26","2018/2019-2","3247500","243");
INSERT INTO detailbayar VALUES("27","2018/2019-2","1982500","244");
INSERT INTO detailbayar VALUES("28","2018/2019-2","1982500","245");
INSERT INTO detailbayar VALUES("29","2018/2019-2","1982500","268");
INSERT INTO detailbayar VALUES("30","2018/2019-2","1982500","248");
INSERT INTO detailbayar VALUES("31","2018/2019-2","2262500","257");
INSERT INTO detailbayar VALUES("32","2018/2019-2","1715000","313");
INSERT INTO detailbayar VALUES("33","2018/2019-2","1982500","260");
INSERT INTO detailbayar VALUES("34","2018/2019-2","1982500","261");
INSERT INTO detailbayar VALUES("35","2018/2019-2","2687500","262");
INSERT INTO detailbayar VALUES("36","2018/2019-2","3222500","263");
INSERT INTO detailbayar VALUES("37","2018/2019-2","1982500","264");
INSERT INTO detailbayar VALUES("38","2018/2019-2","2627500","265");
INSERT INTO detailbayar VALUES("39","2018/2019-2","1982500","266");
INSERT INTO detailbayar VALUES("40","2018/2019-2","1982500","269");
INSERT INTO detailbayar VALUES("41","2018/2019-2","1982500","270");
INSERT INTO detailbayar VALUES("42","2018/2019-2","1982500","271");
INSERT INTO detailbayar VALUES("43","2018/2019-2","1982500","272");
INSERT INTO detailbayar VALUES("44","2018/2019-2","1982500","273");
INSERT INTO detailbayar VALUES("45","2018/2019-2","2627500","274");
INSERT INTO detailbayar VALUES("46","2018/2019-2","1982500","277");
INSERT INTO detailbayar VALUES("47","2018/2019-2","2857500","278");
INSERT INTO detailbayar VALUES("48","2018/2019-2","1982500","279");
INSERT INTO detailbayar VALUES("49","2018/2019-2","2517500","280");
INSERT INTO detailbayar VALUES("50","2018/2019-2","1982500","294");
INSERT INTO detailbayar VALUES("51","2018/2019-2","3052500","297");
INSERT INTO detailbayar VALUES("52","2018/2019-2","1982500","298");
INSERT INTO detailbayar VALUES("53","2018/2019-2","3800000","66");
INSERT INTO detailbayar VALUES("54","2018/2019-2","3600000","67");
INSERT INTO detailbayar VALUES("55","2018/2019-2","4250000","68");
INSERT INTO detailbayar VALUES("56","2018/2019-2","3100000","70");
INSERT INTO detailbayar VALUES("57","2018/2019-2","3400000","71");
INSERT INTO detailbayar VALUES("58","2018/2019-2","3800000","73");
INSERT INTO detailbayar VALUES("59","2018/2019-2","3600000","74");
INSERT INTO detailbayar VALUES("60","2018/2019-2","3400000","77");
INSERT INTO detailbayar VALUES("61","2018/2019-2","2850000","80");
INSERT INTO detailbayar VALUES("62","2018/2019-2","3100000","82");
INSERT INTO detailbayar VALUES("63","2018/2019-2","3400000","90");
INSERT INTO detailbayar VALUES("64","2018/2019-2","3400000","92");
INSERT INTO detailbayar VALUES("65","2018/2019-2","2300000","94");
INSERT INTO detailbayar VALUES("66","2018/2019-2","2300000","100");
INSERT INTO detailbayar VALUES("67","2018/2019-2","4050000","102");
INSERT INTO detailbayar VALUES("68","2018/2019-2","3400000","103");
INSERT INTO detailbayar VALUES("69","2018/2019-2","2300000","107");
INSERT INTO detailbayar VALUES("70","2018/2019-2","2300000","111");
INSERT INTO detailbayar VALUES("71","2018/2019-2","2650000","113");
INSERT INTO detailbayar VALUES("72","2018/2019-2","2300000","114");
INSERT INTO detailbayar VALUES("73","2018/2019-2","2300000","314");
INSERT INTO detailbayar VALUES("74","2018/2019-2","3600000","115");
INSERT INTO detailbayar VALUES("75","2018/2019-2","3600000","154");
INSERT INTO detailbayar VALUES("76","2018/2019-2","3800000","158");
INSERT INTO detailbayar VALUES("77","2018/2019-2","3850000","162");
INSERT INTO detailbayar VALUES("78","2018/2019-2","4150000","163");
INSERT INTO detailbayar VALUES("79","2018/2019-2","4150000","167");
INSERT INTO detailbayar VALUES("80","2018/2019-2","4150000","168");
INSERT INTO detailbayar VALUES("81","2018/2019-2","2600000","170");
INSERT INTO detailbayar VALUES("82","2018/2019-2","3850000","173");
INSERT INTO detailbayar VALUES("83","2018/2019-2","3100000","174");
INSERT INTO detailbayar VALUES("84","2018/2019-2","2500000","175");
INSERT INTO detailbayar VALUES("85","2018/2019-2","3950000","177");
INSERT INTO detailbayar VALUES("86","2018/2019-2","4350000","179");
INSERT INTO detailbayar VALUES("87","2018/2019-2","4150000","180");
INSERT INTO detailbayar VALUES("88","2018/2019-2","4350000","181");
INSERT INTO detailbayar VALUES("89","2018/2019-2","2650000","182");
INSERT INTO detailbayar VALUES("90","2018/2019-2","4350000","183");
INSERT INTO detailbayar VALUES("91","2018/2019-2","3850000","184");
INSERT INTO detailbayar VALUES("92","2018/2019-2","4150000","185");
INSERT INTO detailbayar VALUES("93","2018/2019-2","4150000","188");
INSERT INTO detailbayar VALUES("94","2018/2019-2","4150000","190");
INSERT INTO detailbayar VALUES("95","2018/2019-2","4350000","192");
INSERT INTO detailbayar VALUES("96","2018/2019-2","4150000","210");
INSERT INTO detailbayar VALUES("97","2018/2019-2","4350000","211");
INSERT INTO detailbayar VALUES("98","2018/2019-2","4150000","216");
INSERT INTO detailbayar VALUES("99","2018/2019-2","4150000","219");
INSERT INTO detailbayar VALUES("100","2018/2019-2","2650000","222");
INSERT INTO detailbayar VALUES("101","2018/2019-2","3000000","225");
INSERT INTO detailbayar VALUES("102","2018/2019-2","4600000","226");
INSERT INTO detailbayar VALUES("103","2018/2019-2","4700000","230");
INSERT INTO detailbayar VALUES("104","2018/2019-2","4465000","31");
INSERT INTO detailbayar VALUES("105","2018/2019-2","4465000","32");
INSERT INTO detailbayar VALUES("106","2018/2019-2","4465000","33");
INSERT INTO detailbayar VALUES("107","2018/2019-2","4465000","34");
INSERT INTO detailbayar VALUES("108","2018/2019-2","4465000","35");
INSERT INTO detailbayar VALUES("109","2018/2019-2","4250000","36");
INSERT INTO detailbayar VALUES("110","2018/2019-2","4465000","38");
INSERT INTO detailbayar VALUES("111","2018/2019-2","4365000","39");
INSERT INTO detailbayar VALUES("112","2018/2019-2","4465000","42");
INSERT INTO detailbayar VALUES("113","2018/2019-2","4465000","315");
INSERT INTO detailbayar VALUES("114","2018/2019-2","4465000","44");
INSERT INTO detailbayar VALUES("115","2018/2019-2","4250000","45");
INSERT INTO detailbayar VALUES("116","2018/2019-2","4465000","47");
INSERT INTO detailbayar VALUES("117","2018/2019-2","4465000","50");
INSERT INTO detailbayar VALUES("118","2018/2019-2","4465000","52");
INSERT INTO detailbayar VALUES("119","2018/2019-2","4465000","53");
INSERT INTO detailbayar VALUES("120","2018/2019-2","4465000","79");
INSERT INTO detailbayar VALUES("121","2018/2019-2","4465000","83");
INSERT INTO detailbayar VALUES("122","2018/2019-2","4250000","86");
INSERT INTO detailbayar VALUES("123","2018/2019-2","4465000","89");
INSERT INTO detailbayar VALUES("124","2018/2019-2","4465000","99");
INSERT INTO detailbayar VALUES("125","2018/2019-2","4465000","101");
INSERT INTO detailbayar VALUES("126","2018/2019-2","4250000","104");
INSERT INTO detailbayar VALUES("127","2018/2019-2","4465000","106");
INSERT INTO detailbayar VALUES("128","2018/2019-2","5540000","119");
INSERT INTO detailbayar VALUES("129","2018/2019-2","4250000","122");
INSERT INTO detailbayar VALUES("130","2018/2019-2","5400000","123");
INSERT INTO detailbayar VALUES("131","2018/2019-2","5400000","49");
INSERT INTO detailbayar VALUES("132","2018/2019-2","5400000","84");
INSERT INTO detailbayar VALUES("133","2018/2019-2","4250000","125");
INSERT INTO detailbayar VALUES("134","2018/2019-2","4250000","126");
INSERT INTO detailbayar VALUES("135","2018/2019-2","4465000","127");
INSERT INTO detailbayar VALUES("136","2018/2019-2","4250000","128");
INSERT INTO detailbayar VALUES("137","2018/2019-2","4465000","131");
INSERT INTO detailbayar VALUES("138","2018/2019-2","4465000","133");
INSERT INTO detailbayar VALUES("139","2018/2019-2","4465000","134");
INSERT INTO detailbayar VALUES("140","2018/2019-2","3600000","135");
INSERT INTO detailbayar VALUES("141","2018/2019-2","5400000","136");
INSERT INTO detailbayar VALUES("142","2018/2019-2","5400000","137");
INSERT INTO detailbayar VALUES("143","2018/2019-2","5400000","138");
INSERT INTO detailbayar VALUES("144","2018/2019-2","4465000","139");
INSERT INTO detailbayar VALUES("145","2018/2019-2","4465000","140");
INSERT INTO detailbayar VALUES("146","2018/2019-2","3515000","142");
INSERT INTO detailbayar VALUES("147","2018/2019-2","5400000","144");
INSERT INTO detailbayar VALUES("148","2018/2019-2","3815000","145");
INSERT INTO detailbayar VALUES("149","2018/2019-2","4465000","146");
INSERT INTO detailbayar VALUES("150","2018/2019-2","4465000","147");
INSERT INTO detailbayar VALUES("151","2018/2019-2","4465000","316");
INSERT INTO detailbayar VALUES("152","2018/2019-2","4465000","233");
INSERT INTO detailbayar VALUES("153","2018/2019-2","4465000","235");
INSERT INTO detailbayar VALUES("154","2018/2019-2","4465000","236");
INSERT INTO detailbayar VALUES("155","2018/2019-2","4465000","237");
INSERT INTO detailbayar VALUES("156","2018/2019-2","4465000","238");
INSERT INTO detailbayar VALUES("157","2018/2019-2","5400000","247");
INSERT INTO detailbayar VALUES("158","2018/2019-2","5400000","250");
INSERT INTO detailbayar VALUES("159","2018/2019-2","4915000","251");
INSERT INTO detailbayar VALUES("160","2018/2019-2","4415000","252");
INSERT INTO detailbayar VALUES("161","2018/2019-2","5400000","253");
INSERT INTO detailbayar VALUES("162","2018/2019-2","4715000","255");
INSERT INTO detailbayar VALUES("163","2018/2019-2","4465000","256");
INSERT INTO detailbayar VALUES("164","2018/2019-2","5565000","317");



INSERT INTO trxbayar VALUES("1","2018/2019-2","2019-02-08","2000000","1. HER-REGISTRASI = 600.000
2. FIX. COST = 1.200.000","131","23");
INSERT INTO trxbayar VALUES("2","2018/2019-2","2019-02-08","2000000","CICIL","236","23");
INSERT INTO trxbayar VALUES("3","2018/2019-2","2019-02-08","2000000","CICIL","236","23");
INSERT INTO trxbayar VALUES("4","2018/2019-2","2019-02-08","2000000","CICIL","47","23");
INSERT INTO trxbayar VALUES("5","2018/2019-2","2019-02-13","2000000","CICIL","142","23");
INSERT INTO trxbayar VALUES("6","2018/2019-2","2019-02-13","2000000","CICIL","106","23");
INSERT INTO trxbayar VALUES("7","2018/2019-2","2019-02-21","1000000","CICIL","123","23");
INSERT INTO trxbayar VALUES("8","2018/2019-2","2019-02-07","2000000","CICIL","33","23");
INSERT INTO trxbayar VALUES("9","2018/2019-2","2019-02-01","2000000","CICIL","44","23");
INSERT INTO trxbayar VALUES("10","2018/2019-2","2019-02-08","2700000","CICIL","136","23");
INSERT INTO trxbayar VALUES("11","2018/2019-2","2019-02-08","2000000","CICIL","255","23");
INSERT INTO trxbayar VALUES("12","2018/2019-2","2019-02-08","2000000","CICIL","235","23");
INSERT INTO trxbayar VALUES("13","2018/2019-2","2019-02-08","800000","CICIL","134","23");
INSERT INTO trxbayar VALUES("14","2018/2019-2","2019-02-08","2000000","CICIL","252","23");
INSERT INTO trxbayar VALUES("15","2018/2019-2","2019-02-08","2000000","CICIL","145","23");
INSERT INTO trxbayar VALUES("16","2018/2019-2","2019-02-08","2000000","CICIL","133","23");
INSERT INTO trxbayar VALUES("17","2018/2019-2","2019-02-08","2000000","CICIL","35","23");
INSERT INTO trxbayar VALUES("18","2018/2019-2","2019-02-08","2000000","CICIL","32","23");
INSERT INTO trxbayar VALUES("19","2018/2019-2","2019-02-08","2000000","CICIL","34","23");
INSERT INTO trxbayar VALUES("20","2018/2019-2","2019-02-08","2000000","CICIL","31","23");
INSERT INTO trxbayar VALUES("21","2018/2019-2","2019-02-11","2000000","CICIL","50","23");
INSERT INTO trxbayar VALUES("22","2018/2019-2","2019-02-11","2000000","CICIL","233","23");
INSERT INTO trxbayar VALUES("23","2018/2019-2","2019-02-11","2700000","CICIL","84","23");
INSERT INTO trxbayar VALUES("24","2018/2019-2","2019-02-11","2000000","CICIL","139","23");
INSERT INTO trxbayar VALUES("25","2018/2019-2","2019-02-11","2000000","CICIL","83","23");
INSERT INTO trxbayar VALUES("26","2018/2019-2","2019-02-11","2000000","CICIL","99","23");
INSERT INTO trxbayar VALUES("27","2018/2019-2","2019-02-11","2000000","CICIL","316","23");
INSERT INTO trxbayar VALUES("28","2018/2019-2","2019-02-11","2000000","CICIL","38","23");
INSERT INTO trxbayar VALUES("29","2018/2019-2","2019-02-11","1000000","CICIL","127","23");
INSERT INTO trxbayar VALUES("30","2018/2019-2","2019-02-11","2000000","CICIL","89","23");
INSERT INTO trxbayar VALUES("31","2018/2019-2","2019-02-11","1675000","CICIL","238","23");
INSERT INTO trxbayar VALUES("32","2018/2019-2","2019-02-11","2000000","CICIL","140","23");
INSERT INTO trxbayar VALUES("33","2018/2019-2","2019-02-11","2700000","CICIL","49","23");
INSERT INTO trxbayar VALUES("34","2018/2019-2","2019-02-14","475000","CICIL","42","23");
INSERT INTO trxbayar VALUES("35","2018/2019-2","2019-02-14","900000","CICIL","237","23");
INSERT INTO trxbayar VALUES("36","2018/2019-2","2019-02-14","2000000","CICIL","29","23");
INSERT INTO trxbayar VALUES("37","2018/2019-2","2019-02-08","2000000","CICIL","101","23");
INSERT INTO trxbayar VALUES("38","2018/2019-2","2019-02-11","5400000","LUNAS","253","23");
INSERT INTO trxbayar VALUES("39","2018/2019-2","2019-02-15","5765000","LUNAS","36","23");
INSERT INTO trxbayar VALUES("40","2018/2019-2","2019-02-19","1500000","CICIL","247","23");
INSERT INTO trxbayar VALUES("41","2018/2019-2","2019-02-15","2465000","LUNAS","39","23");
INSERT INTO trxbayar VALUES("42","2018/2019-2","2019-01-25","2000000","CICIL","39","23");
INSERT INTO trxbayar VALUES("43","2018/2019-2","2019-02-08","1500000","CICIL","52","23");
INSERT INTO trxbayar VALUES("44","2018/2019-2","2019-02-07","2000000","CICIL","251","23");
INSERT INTO trxbayar VALUES("45","2018/2019-2","2019-02-08","2000000","CICIL","119","23");
INSERT INTO trxbayar VALUES("46","2018/2019-2","2019-02-08","2000000","CICIL","53","23");
INSERT INTO trxbayar VALUES("47","2018/2019-2","2019-02-08","2000000","CICIL","79","23");
INSERT INTO trxbayar VALUES("48","2018/2019-2","2019-02-27","2465000","LUNAS","52","23");
INSERT INTO trxbayar VALUES("49","2018/2019-2","2019-02-15","1000000","CICIL","144","23");
INSERT INTO trxbayar VALUES("50","2018/2019-2","2019-02-12","2000000","CICIL","146","23");
INSERT INTO trxbayar VALUES("51","2018/2019-2","2019-02-12","2000000","CICIL","147","23");
INSERT INTO trxbayar VALUES("52","2018/2019-2","2019-02-27","2000000","CICIL","256","23");
INSERT INTO trxbayar VALUES("53","2018/2019-2","2019-02-12","1200000","CICIL","315","23");
INSERT INTO trxbayar VALUES("54","2018/2019-2","2019-02-15","5765000","LUNAS","36","23");



